assessment_run_id,split_seed,outer_fold,workflow,sample_count,level,input_key,mean_absolute_contribution
b45cb7fb871d4322bfdbb52e6e8d1d38,42,1,history_selected,1000,feature,AMT_ANNUITY,0.08677434797621174
b45cb7fb871d4322bfdbb52e6e8d1d38,42,2,history_selected,1000,feature,AMT_ANNUITY,0.051850733682332055
b45cb7fb871d4322bfdbb52e6e8d1d38,42,3,history_selected,1000,feature,AMT_ANNUITY,0.08327957088172552
b45cb7fb871d4322bfdbb52e6e8d1d38,42,4,history_selected,1000,feature,AMT_ANNUITY,0.07076469742750906
b45cb7fb871d4322bfdbb52e6e8d1d38,42,5,history_selected,1000,feature,AMT_ANNUITY,0.07816881089329107
b45cb7fb871d4322bfdbb52e6e8d1d38,42,1,history_selected,1000,feature,AMT_CREDIT,0.0655688013200845
b45cb7fb871d4322bfdbb52e6e8d1d38,42,2,history_selected,1000,feature,AMT_CREDIT,0.05342992763765082
b45cb7fb871d4322bfdbb52e6e8d1d38,42,3,history_selected,1000,feature,AMT_CREDIT,0.06226258999179831
b45cb7fb871d4322bfdbb52e6e8d1d38,42,4,history_selected,1000,feature,AMT_CREDIT,0.06775141646393845
b45cb7fb871d4322bfdbb52e6e8d1d38,42,5,history_selected,1000,feature,AMT_CREDIT,0.08234333510832624
b45cb7fb871d4322bfdbb52e6e8d1d38,42,1,history_selected,1000,feature,AMT_GOODS_PRICE,0.08538548427996666
b45cb7fb871d4322bfdbb52e6e8d1d38,42,2,history_selected,1000,feature,AMT_GOODS_PRICE,0.05882470106577451
b45cb7fb871d4322bfdbb52e6e8d1d38,42,3,history_selected,1000,feature,AMT_GOODS_PRICE,0.07904932598612846
b45cb7fb871d4322bfdbb52e6e8d1d38,42,4,history_selected,1000,feature,AMT_GOODS_PRICE,0.0862277054690585
b45cb7fb871d4322bfdbb52e6e8d1d38,42,5,history_selected,1000,feature,AMT_GOODS_PRICE,0.0926164119207742
b45cb7fb871d4322bfdbb52e6e8d1d38,42,1,history_selected,1000,feature,AMT_INCOME_TOTAL,0.005634762814155971
b45cb7fb871d4322bfdbb52e6e8d1d38,42,2,history_selected,1000,feature,AMT_INCOME_TOTAL,0.0030002097189576766
b45cb7fb871d4322bfdbb52e6e8d1d38,42,3,history_selected,1000,feature,AMT_INCOME_TOTAL,0.007785449708266208
b45cb7fb871d4322bfdbb52e6e8d1d38,42,4,history_selected,1000,feature,AMT_INCOME_TOTAL,0.007558797513645577
b45cb7fb871d4322bfdbb52e6e8d1d38,42,5,history_selected,1000,feature,AMT_INCOME_TOTAL,0.012894516549298553
b45cb7fb871d4322bfdbb52e6e8d1d38,42,1,history_selected,1000,feature,DAYS_ID_PUBLISH,0.02544241271583307
b45cb7fb871d4322bfdbb52e6e8d1d38,42,2,history_selected,1000,feature,DAYS_ID_PUBLISH,0.022033549463823892
b45cb7fb871d4322bfdbb52e6e8d1d38,42,3,history_selected,1000,feature,DAYS_ID_PUBLISH,0.03238243341500151
b45cb7fb871d4322bfdbb52e6e8d1d38,42,4,history_selected,1000,feature,DAYS_ID_PUBLISH,0.015688023081338952
b45cb7fb871d4322bfdbb52e6e8d1d38,42,5,history_selected,1000,feature,DAYS_ID_PUBLISH,0.03567671792674253
b45cb7fb871d4322bfdbb52e6e8d1d38,42,1,history_selected,1000,feature,DAYS_LAST_PHONE_CHANGE,0.010793274932998068
b45cb7fb871d4322bfdbb52e6e8d1d38,42,2,history_selected,1000,feature,DAYS_LAST_PHONE_CHANGE,0.009538200979090214
b45cb7fb871d4322bfdbb52e6e8d1d38,42,3,history_selected,1000,feature,DAYS_LAST_PHONE_CHANGE,0.0102496919813717
b45cb7fb871d4322bfdbb52e6e8d1d38,42,4,history_selected,1000,feature,DAYS_LAST_PHONE_CHANGE,0.016456071941566498
b45cb7fb871d4322bfdbb52e6e8d1d38,42,5,history_selected,1000,feature,DAYS_LAST_PHONE_CHANGE,0.013162774274465104
b45cb7fb871d4322bfdbb52e6e8d1d38,42,1,history_selected,1000,feature,DAYS_REGISTRATION,0.01992883153595384
b45cb7fb871d4322bfdbb52e6e8d1d38,42,2,history_selected,1000,feature,DAYS_REGISTRATION,0.022160217246048386
b45cb7fb871d4322bfdbb52e6e8d1d38,42,3,history_selected,1000,feature,DAYS_REGISTRATION,0.01929847789557545
b45cb7fb871d4322bfdbb52e6e8d1d38,42,4,history_selected,1000,feature,DAYS_REGISTRATION,0.023431861053822438
b45cb7fb871d4322bfdbb52e6e8d1d38,42,5,history_selected,1000,feature,DAYS_REGISTRATION,0.025290855289769446
b45cb7fb871d4322bfdbb52e6e8d1d38,42,1,history_selected,1000,feature,EXT_SOURCE_1,0.02408760548958657
b45cb7fb871d4322bfdbb52e6e8d1d38,42,2,history_selected,1000,feature,EXT_SOURCE_1,0.031987295672071245
b45cb7fb871d4322bfdbb52e6e8d1d38,42,3,history_selected,1000,feature,EXT_SOURCE_1,0.02043309889324791
b45cb7fb871d4322bfdbb52e6e8d1d38,42,4,history_selected,1000,feature,EXT_SOURCE_1,0.021062705033869845
b45cb7fb871d4322bfdbb52e6e8d1d38,42,5,history_selected,1000,feature,EXT_SOURCE_1,0.022534857922422328
b45cb7fb871d4322bfdbb52e6e8d1d38,42,1,history_selected,1000,feature,EXT_SOURCE_2,0.019313193652972033
b45cb7fb871d4322bfdbb52e6e8d1d38,42,2,history_selected,1000,feature,EXT_SOURCE_2,0.025485436066441422
b45cb7fb871d4322bfdbb52e6e8d1d38,42,3,history_selected,1000,feature,EXT_SOURCE_2,0.02548151504452457
b45cb7fb871d4322bfdbb52e6e8d1d38,42,4,history_selected,1000,feature,EXT_SOURCE_2,0.032536527909604145
b45cb7fb871d4322bfdbb52e6e8d1d38,42,5,history_selected,1000,feature,EXT_SOURCE_2,0.02723216379173636
b45cb7fb871d4322bfdbb52e6e8d1d38,42,1,history_selected,1000,feature,EXT_SOURCE_3,0.040313391654428404
b45cb7fb871d4322bfdbb52e6e8d1d38,42,2,history_selected,1000,feature,EXT_SOURCE_3,0.03222035200932061
b45cb7fb871d4322bfdbb52e6e8d1d38,42,3,history_selected,1000,feature,EXT_SOURCE_3,0.048982315191010976
b45cb7fb871d4322bfdbb52e6e8d1d38,42,4,history_selected,1000,feature,EXT_SOURCE_3,0.03316361550959476
b45cb7fb871d4322bfdbb52e6e8d1d38,42,5,history_selected,1000,feature,EXT_SOURCE_3,0.032903507967592394
b45cb7fb871d4322bfdbb52e6e8d1d38,42,1,history_selected,1000,feature,FLAG_OWN_CAR,0.019056557424713853
b45cb7fb871d4322bfdbb52e6e8d1d38,42,2,history_selected,1000,feature,FLAG_OWN_CAR,0.021766423726116757
b45cb7fb871d4322bfdbb52e6e8d1d38,42,3,history_selected,1000,feature,FLAG_OWN_CAR,0.024816077874580584
b45cb7fb871d4322bfdbb52e6e8d1d38,42,4,history_selected,1000,feature,FLAG_OWN_CAR,0.015352003474855325
b45cb7fb871d4322bfdbb52e6e8d1d38,42,5,history_selected,1000,feature,FLAG_OWN_CAR,0.022970600739612955
b45cb7fb871d4322bfdbb52e6e8d1d38,42,1,history_selected,1000,feature,FLAG_OWN_REALTY,0.00023820204531179977
b45cb7fb871d4322bfdbb52e6e8d1d38,42,2,history_selected,1000,feature,FLAG_OWN_REALTY,0.0008553224851473138
b45cb7fb871d4322bfdbb52e6e8d1d38,42,3,history_selected,1000,feature,FLAG_OWN_REALTY,0.0005012416309426677
b45cb7fb871d4322bfdbb52e6e8d1d38,42,4,history_selected,1000,feature,FLAG_OWN_REALTY,0.00022437388334654526
b45cb7fb871d4322bfdbb52e6e8d1d38,42,5,history_selected,1000,feature,FLAG_OWN_REALTY,0.003908156407381132
b45cb7fb871d4322bfdbb52e6e8d1d38,42,1,history_selected,1000,feature,HOUR_APPR_PROCESS_START,0.0016017666547541447
b45cb7fb871d4322bfdbb52e6e8d1d38,42,2,history_selected,1000,feature,HOUR_APPR_PROCESS_START,0.0022900371770517873
b45cb7fb871d4322bfdbb52e6e8d1d38,42,3,history_selected,1000,feature,HOUR_APPR_PROCESS_START,0.00718955026207399
b45cb7fb871d4322bfdbb52e6e8d1d38,42,4,history_selected,1000,feature,HOUR_APPR_PROCESS_START,0.0025567057701798134
b45cb7fb871d4322bfdbb52e6e8d1d38,42,5,history_selected,1000,feature,HOUR_APPR_PROCESS_START,0.016688370419721817
b45cb7fb871d4322bfdbb52e6e8d1d38,42,1,history_selected,1000,feature,NAME_CONTRACT_TYPE,0.011176184395315123
b45cb7fb871d4322bfdbb52e6e8d1d38,42,2,history_selected,1000,feature,NAME_CONTRACT_TYPE,0.013226532609713744
b45cb7fb871d4322bfdbb52e6e8d1d38,42,3,history_selected,1000,feature,NAME_CONTRACT_TYPE,0.015030185388505172
b45cb7fb871d4322bfdbb52e6e8d1d38,42,4,history_selected,1000,feature,NAME_CONTRACT_TYPE,0.018381688955734686
b45cb7fb871d4322bfdbb52e6e8d1d38,42,5,history_selected,1000,feature,NAME_CONTRACT_TYPE,0.022838765650803686
b45cb7fb871d4322bfdbb52e6e8d1d38,42,1,history_selected,1000,feature,NAME_EDUCATION_TYPE,0.09683887601884121
b45cb7fb871d4322bfdbb52e6e8d1d38,42,2,history_selected,1000,feature,NAME_EDUCATION_TYPE,0.07664826043899355
b45cb7fb871d4322bfdbb52e6e8d1d38,42,3,history_selected,1000,feature,NAME_EDUCATION_TYPE,0.08278288409496112
b45cb7fb871d4322bfdbb52e6e8d1d38,42,4,history_selected,1000,feature,NAME_EDUCATION_TYPE,0.0889135413934433
b45cb7fb871d4322bfdbb52e6e8d1d38,42,5,history_selected,1000,feature,NAME_EDUCATION_TYPE,0.07863375845162068
b45cb7fb871d4322bfdbb52e6e8d1d38,42,1,history_selected,1000,feature,NAME_HOUSING_TYPE,0.003352051404106206
b45cb7fb871d4322bfdbb52e6e8d1d38,42,2,history_selected,1000,feature,NAME_HOUSING_TYPE,0.0020228302794637635
b45cb7fb871d4322bfdbb52e6e8d1d38,42,3,history_selected,1000,feature,NAME_HOUSING_TYPE,0.0014216971460063467
b45cb7fb871d4322bfdbb52e6e8d1d38,42,4,history_selected,1000,feature,NAME_HOUSING_TYPE,0.0012643063669001177
b45cb7fb871d4322bfdbb52e6e8d1d38,42,5,history_selected,1000,feature,NAME_HOUSING_TYPE,0.005891343409909386
b45cb7fb871d4322bfdbb52e6e8d1d38,42,1,history_selected,1000,feature,NAME_INCOME_TYPE,0.05012842082404853
b45cb7fb871d4322bfdbb52e6e8d1d38,42,2,history_selected,1000,feature,NAME_INCOME_TYPE,0.07558253440084615
b45cb7fb871d4322bfdbb52e6e8d1d38,42,3,history_selected,1000,feature,NAME_INCOME_TYPE,0.0636971787366726
b45cb7fb871d4322bfdbb52e6e8d1d38,42,4,history_selected,1000,feature,NAME_INCOME_TYPE,0.05745976272034875
b45cb7fb871d4322bfdbb52e6e8d1d38,42,5,history_selected,1000,feature,NAME_INCOME_TYPE,0.06715343966620584
b45cb7fb871d4322bfdbb52e6e8d1d38,42,1,history_selected,1000,feature,OCCUPATION_TYPE,0.04938940114810412
b45cb7fb871d4322bfdbb52e6e8d1d38,42,2,history_selected,1000,feature,OCCUPATION_TYPE,0.03468669150682702
b45cb7fb871d4322bfdbb52e6e8d1d38,42,3,history_selected,1000,feature,OCCUPATION_TYPE,0.06401964529242218
b45cb7fb871d4322bfdbb52e6e8d1d38,42,4,history_selected,1000,feature,OCCUPATION_TYPE,0.05026465287988183
b45cb7fb871d4322bfdbb52e6e8d1d38,42,5,history_selected,1000,feature,OCCUPATION_TYPE,0.0428793302785377
b45cb7fb871d4322bfdbb52e6e8d1d38,42,1,history_selected,1000,feature,ORGANIZATION_TYPE,0.06493863075802139
b45cb7fb871d4322bfdbb52e6e8d1d38,42,2,history_selected,1000,feature,ORGANIZATION_TYPE,0.05013631146476796
b45cb7fb871d4322bfdbb52e6e8d1d38,42,3,history_selected,1000,feature,ORGANIZATION_TYPE,0.049420465540474245
b45cb7fb871d4322bfdbb52e6e8d1d38,42,4,history_selected,1000,feature,ORGANIZATION_TYPE,0.028347326645978926
b45cb7fb871d4322bfdbb52e6e8d1d38,42,5,history_selected,1000,feature,ORGANIZATION_TYPE,0.041006927922411424
b45cb7fb871d4322bfdbb52e6e8d1d38,42,1,history_selected,1000,feature,OWN_CAR_AGE,0.03943883329544186
b45cb7fb871d4322bfdbb52e6e8d1d38,42,2,history_selected,1000,feature,OWN_CAR_AGE,0.03488566871946922
b45cb7fb871d4322bfdbb52e6e8d1d38,42,3,history_selected,1000,feature,OWN_CAR_AGE,0.02944182733256659
b45cb7fb871d4322bfdbb52e6e8d1d38,42,4,history_selected,1000,feature,OWN_CAR_AGE,0.027222597698387686
b45cb7fb871d4322bfdbb52e6e8d1d38,42,5,history_selected,1000,feature,OWN_CAR_AGE,0.04526961561971605
b45cb7fb871d4322bfdbb52e6e8d1d38,42,1,history_selected,1000,feature,REGION_POPULATION_RELATIVE,0.009218811198306436
b45cb7fb871d4322bfdbb52e6e8d1d38,42,2,history_selected,1000,feature,REGION_POPULATION_RELATIVE,0.007426559916911052
b45cb7fb871d4322bfdbb52e6e8d1d38,42,3,history_selected,1000,feature,REGION_POPULATION_RELATIVE,0.032674011613146155
b45cb7fb871d4322bfdbb52e6e8d1d38,42,4,history_selected,1000,feature,REGION_POPULATION_RELATIVE,0.005974495500562926
b45cb7fb871d4322bfdbb52e6e8d1d38,42,5,history_selected,1000,feature,REGION_POPULATION_RELATIVE,0.016880281974106123
b45cb7fb871d4322bfdbb52e6e8d1d38,42,1,history_selected,1000,feature,REGION_RATING_CLIENT,0.0019365642570424672
b45cb7fb871d4322bfdbb52e6e8d1d38,42,2,history_selected,1000,feature,REGION_RATING_CLIENT,0.0032534146477156078
b45cb7fb871d4322bfdbb52e6e8d1d38,42,3,history_selected,1000,feature,REGION_RATING_CLIENT,0.005397785514866315
b45cb7fb871d4322bfdbb52e6e8d1d38,42,4,history_selected,1000,feature,REGION_RATING_CLIENT,0.0014964135537588426
b45cb7fb871d4322bfdbb52e6e8d1d38,42,5,history_selected,1000,feature,REGION_RATING_CLIENT,0.0060636876454281926
b45cb7fb871d4322bfdbb52e6e8d1d38,42,1,history_selected,1000,feature,REGION_RATING_CLIENT_W_CITY,0.01695062949045082
b45cb7fb871d4322bfdbb52e6e8d1d38,42,2,history_selected,1000,feature,REGION_RATING_CLIENT_W_CITY,0.019863747808122063
b45cb7fb871d4322bfdbb52e6e8d1d38,42,3,history_selected,1000,feature,REGION_RATING_CLIENT_W_CITY,0.022336931791791456
b45cb7fb871d4322bfdbb52e6e8d1d38,42,4,history_selected,1000,feature,REGION_RATING_CLIENT_W_CITY,0.02031067598328024
b45cb7fb871d4322bfdbb52e6e8d1d38,42,5,history_selected,1000,feature,REGION_RATING_CLIENT_W_CITY,0.022232883894595094
b45cb7fb871d4322bfdbb52e6e8d1d38,42,1,history_selected,1000,feature,active_credit_count,0.014636248218812795
b45cb7fb871d4322bfdbb52e6e8d1d38,42,2,history_selected,1000,feature,active_credit_count,0.012570237172867538
b45cb7fb871d4322bfdbb52e6e8d1d38,42,3,history_selected,1000,feature,active_credit_count,0.014115848128009409
b45cb7fb871d4322bfdbb52e6e8d1d38,42,4,history_selected,1000,feature,active_credit_count,0.01881181591760666
b45cb7fb871d4322bfdbb52e6e8d1d38,42,5,history_selected,1000,feature,active_credit_count,0.021561846814283813
b45cb7fb871d4322bfdbb52e6e8d1d38,42,1,history_selected,1000,feature,annuity_to_income_ratio,0.006880055294069057
b45cb7fb871d4322bfdbb52e6e8d1d38,42,2,history_selected,1000,feature,annuity_to_income_ratio,0.003051928282291376
b45cb7fb871d4322bfdbb52e6e8d1d38,42,3,history_selected,1000,feature,annuity_to_income_ratio,0.005714021523299878
b45cb7fb871d4322bfdbb52e6e8d1d38,42,4,history_selected,1000,feature,annuity_to_income_ratio,0.006743616069462428
b45cb7fb871d4322bfdbb52e6e8d1d38,42,5,history_selected,1000,feature,annuity_to_income_ratio,0.011327099203079503
b45cb7fb871d4322bfdbb52e6e8d1d38,42,1,history_selected,1000,feature,approval_rate,0.008999047091085385
b45cb7fb871d4322bfdbb52e6e8d1d38,42,2,history_selected,1000,feature,approval_rate,0.008638068508622889
b45cb7fb871d4322bfdbb52e6e8d1d38,42,3,history_selected,1000,feature,approval_rate,0.009009373213119802
b45cb7fb871d4322bfdbb52e6e8d1d38,42,4,history_selected,1000,feature,approval_rate,0.00810122932512992
b45cb7fb871d4322bfdbb52e6e8d1d38,42,5,history_selected,1000,feature,approval_rate,0.02029736028414411
b45cb7fb871d4322bfdbb52e6e8d1d38,42,1,history_selected,1000,feature,approved_application_count,0.0016264165956468405
b45cb7fb871d4322bfdbb52e6e8d1d38,42,2,history_selected,1000,feature,approved_application_count,0.00011687119884194017
b45cb7fb871d4322bfdbb52e6e8d1d38,42,3,history_selected,1000,feature,approved_application_count,0.0019867328783279804
b45cb7fb871d4322bfdbb52e6e8d1d38,42,4,history_selected,1000,feature,approved_application_count,0.002036409167850456
b45cb7fb871d4322bfdbb52e6e8d1d38,42,5,history_selected,1000,feature,approved_application_count,0.0014839806941766413
b45cb7fb871d4322bfdbb52e6e8d1d38,42,1,history_selected,1000,feature,avg_application_amount,0.006595967451701655
b45cb7fb871d4322bfdbb52e6e8d1d38,42,2,history_selected,1000,feature,avg_application_amount,0.005100810111305315
b45cb7fb871d4322bfdbb52e6e8d1d38,42,3,history_selected,1000,feature,avg_application_amount,0.00785136090471256
b45cb7fb871d4322bfdbb52e6e8d1d38,42,4,history_selected,1000,feature,avg_application_amount,0.002941283464504829
b45cb7fb871d4322bfdbb52e6e8d1d38,42,5,history_selected,1000,feature,avg_application_amount,0.010700300091870044
b45cb7fb871d4322bfdbb52e6e8d1d38,42,1,history_selected,1000,feature,avg_credit_sum,0.013568144054617698
b45cb7fb871d4322bfdbb52e6e8d1d38,42,2,history_selected,1000,feature,avg_credit_sum,0.0117317666435719
b45cb7fb871d4322bfdbb52e6e8d1d38,42,3,history_selected,1000,feature,avg_credit_sum,0.012189088904218657
b45cb7fb871d4322bfdbb52e6e8d1d38,42,4,history_selected,1000,feature,avg_credit_sum,0.014699239489468404
b45cb7fb871d4322bfdbb52e6e8d1d38,42,5,history_selected,1000,feature,avg_credit_sum,0.021785221482547953
b45cb7fb871d4322bfdbb52e6e8d1d38,42,1,history_selected,1000,feature,avg_credit_to_application_ratio,0.09824693416783131
b45cb7fb871d4322bfdbb52e6e8d1d38,42,2,history_selected,1000,feature,avg_credit_to_application_ratio,0.09682476449156356
b45cb7fb871d4322bfdbb52e6e8d1d38,42,3,history_selected,1000,feature,avg_credit_to_application_ratio,0.09209253890216283
b45cb7fb871d4322bfdbb52e6e8d1d38,42,4,history_selected,1000,feature,avg_credit_to_application_ratio,0.09763513564084088
b45cb7fb871d4322bfdbb52e6e8d1d38,42,5,history_selected,1000,feature,avg_credit_to_application_ratio,0.09217899343373732
b45cb7fb871d4322bfdbb52e6e8d1d38,42,1,history_selected,1000,feature,avg_days_credit,0.02205112470116736
b45cb7fb871d4322bfdbb52e6e8d1d38,42,2,history_selected,1000,feature,avg_days_credit,0.015177058489695843
b45cb7fb871d4322bfdbb52e6e8d1d38,42,3,history_selected,1000,feature,avg_days_credit,0.014056503423717196
b45cb7fb871d4322bfdbb52e6e8d1d38,42,4,history_selected,1000,feature,avg_days_credit,0.020524695269952077
b45cb7fb871d4322bfdbb52e6e8d1d38,42,5,history_selected,1000,feature,avg_days_credit,0.02580283227287898
b45cb7fb871d4322bfdbb52e6e8d1d38,42,1,history_selected,1000,feature,avg_days_credit_enddate,0.022226309935575783
b45cb7fb871d4322bfdbb52e6e8d1d38,42,2,history_selected,1000,feature,avg_days_credit_enddate,0.025347236765637448
b45cb7fb871d4322bfdbb52e6e8d1d38,42,3,history_selected,1000,feature,avg_days_credit_enddate,0.031016121978778493
b45cb7fb871d4322bfdbb52e6e8d1d38,42,4,history_selected,1000,feature,avg_days_credit_enddate,0.02865252884338988
b45cb7fb871d4322bfdbb52e6e8d1d38,42,5,history_selected,1000,feature,avg_days_credit_enddate,0.026281506632451775
b45cb7fb871d4322bfdbb52e6e8d1d38,42,1,history_selected,1000,feature,avg_days_decision,0.007447490722384482
b45cb7fb871d4322bfdbb52e6e8d1d38,42,2,history_selected,1000,feature,avg_days_decision,0.006364956168584561
b45cb7fb871d4322bfdbb52e6e8d1d38,42,3,history_selected,1000,feature,avg_days_decision,0.00607489628640431
b45cb7fb871d4322bfdbb52e6e8d1d38,42,4,history_selected,1000,feature,avg_days_decision,0.005696170713660735
b45cb7fb871d4322bfdbb52e6e8d1d38,42,5,history_selected,1000,feature,avg_days_decision,0.0066320107308547056
b45cb7fb871d4322bfdbb52e6e8d1d38,42,1,history_selected,1000,feature,avg_days_enddate_fact,0.012274984344439124
b45cb7fb871d4322bfdbb52e6e8d1d38,42,2,history_selected,1000,feature,avg_days_enddate_fact,0.01560467429246921
b45cb7fb871d4322bfdbb52e6e8d1d38,42,3,history_selected,1000,feature,avg_days_enddate_fact,0.011398751534153715
b45cb7fb871d4322bfdbb52e6e8d1d38,42,4,history_selected,1000,feature,avg_days_enddate_fact,0.01431616892884329
b45cb7fb871d4322bfdbb52e6e8d1d38,42,5,history_selected,1000,feature,avg_days_enddate_fact,0.01528139590738859
b45cb7fb871d4322bfdbb52e6e8d1d38,42,1,history_selected,1000,feature,avg_payment_delay_days,0.017781872204609136
b45cb7fb871d4322bfdbb52e6e8d1d38,42,2,history_selected,1000,feature,avg_payment_delay_days,0.014317198993365112
b45cb7fb871d4322bfdbb52e6e8d1d38,42,3,history_selected,1000,feature,avg_payment_delay_days,0.016258060881604766
b45cb7fb871d4322bfdbb52e6e8d1d38,42,4,history_selected,1000,feature,avg_payment_delay_days,0.013112251615653592
b45cb7fb871d4322bfdbb52e6e8d1d38,42,5,history_selected,1000,feature,avg_payment_delay_days,0.008954480136621706
b45cb7fb871d4322bfdbb52e6e8d1d38,42,1,history_selected,1000,feature,avg_payment_to_instalment_ratio,0.0003262302465817135
b45cb7fb871d4322bfdbb52e6e8d1d38,42,2,history_selected,1000,feature,avg_payment_to_instalment_ratio,0.0004883022131234063
b45cb7fb871d4322bfdbb52e6e8d1d38,42,3,history_selected,1000,feature,avg_payment_to_instalment_ratio,0.001224845461364757
b45cb7fb871d4322bfdbb52e6e8d1d38,42,4,history_selected,1000,feature,avg_payment_to_instalment_ratio,0.00030863576138324153
b45cb7fb871d4322bfdbb52e6e8d1d38,42,5,history_selected,1000,feature,avg_payment_to_instalment_ratio,0.00021445530078403386
b45cb7fb871d4322bfdbb52e6e8d1d38,42,1,history_selected,1000,feature,avg_previous_credit_amount,0.002156188146342456
b45cb7fb871d4322bfdbb52e6e8d1d38,42,2,history_selected,1000,feature,avg_previous_credit_amount,0.0028113038940715705
b45cb7fb871d4322bfdbb52e6e8d1d38,42,3,history_selected,1000,feature,avg_previous_credit_amount,0.003086949811344552
b45cb7fb871d4322bfdbb52e6e8d1d38,42,4,history_selected,1000,feature,avg_previous_credit_amount,0.0015739091899274105
b45cb7fb871d4322bfdbb52e6e8d1d38,42,5,history_selected,1000,feature,avg_previous_credit_amount,0.007087799857750348
b45cb7fb871d4322bfdbb52e6e8d1d38,42,1,history_selected,1000,feature,bureau_balance_avg_numeric_status,0.001982623265594372
b45cb7fb871d4322bfdbb52e6e8d1d38,42,2,history_selected,1000,feature,bureau_balance_avg_numeric_status,0.0002489465622440816
b45cb7fb871d4322bfdbb52e6e8d1d38,42,3,history_selected,1000,feature,bureau_balance_avg_numeric_status,0.0003947179812755367
b45cb7fb871d4322bfdbb52e6e8d1d38,42,4,history_selected,1000,feature,bureau_balance_avg_numeric_status,0.0004477507325390546
b45cb7fb871d4322bfdbb52e6e8d1d38,42,5,history_selected,1000,feature,bureau_balance_avg_numeric_status,0.0012777248788413968
b45cb7fb871d4322bfdbb52e6e8d1d38,42,1,history_selected,1000,feature,bureau_balance_bureau_count,0.001020883994409006
b45cb7fb871d4322bfdbb52e6e8d1d38,42,2,history_selected,1000,feature,bureau_balance_bureau_count,3.60735960315778e-05
b45cb7fb871d4322bfdbb52e6e8d1d38,42,3,history_selected,1000,feature,bureau_balance_bureau_count,0.0003017994398103446
b45cb7fb871d4322bfdbb52e6e8d1d38,42,4,history_selected,1000,feature,bureau_balance_bureau_count,0.00024446631524692794
b45cb7fb871d4322bfdbb52e6e8d1d38,42,5,history_selected,1000,feature,bureau_balance_bureau_count,0.0018129236927244062
b45cb7fb871d4322bfdbb52e6e8d1d38,42,1,history_selected,1000,feature,bureau_balance_closed_month_count,0.0010896251512638748
b45cb7fb871d4322bfdbb52e6e8d1d38,42,2,history_selected,1000,feature,bureau_balance_closed_month_count,0.0010959648829347456
b45cb7fb871d4322bfdbb52e6e8d1d38,42,3,history_selected,1000,feature,bureau_balance_closed_month_count,0.003627598383525443
b45cb7fb871d4322bfdbb52e6e8d1d38,42,4,history_selected,1000,feature,bureau_balance_closed_month_count,0.0009834461803862311
b45cb7fb871d4322bfdbb52e6e8d1d38,42,5,history_selected,1000,feature,bureau_balance_closed_month_count,0.0038985317757565877
b45cb7fb871d4322bfdbb52e6e8d1d38,42,1,history_selected,1000,feature,bureau_balance_dpd_0_count,0.005792694204478749
b45cb7fb871d4322bfdbb52e6e8d1d38,42,2,history_selected,1000,feature,bureau_balance_dpd_0_count,0.0029485318307567662
b45cb7fb871d4322bfdbb52e6e8d1d38,42,3,history_selected,1000,feature,bureau_balance_dpd_0_count,0.006195145972889269
b45cb7fb871d4322bfdbb52e6e8d1d38,42,4,history_selected,1000,feature,bureau_balance_dpd_0_count,0.005694992022537645
b45cb7fb871d4322bfdbb52e6e8d1d38,42,5,history_selected,1000,feature,bureau_balance_dpd_0_count,0.002567048413580496
b45cb7fb871d4322bfdbb52e6e8d1d38,42,1,history_selected,1000,feature,bureau_balance_dpd_1plus_count,3.601026809151636e-05
b45cb7fb871d4322bfdbb52e6e8d1d38,42,2,history_selected,1000,feature,bureau_balance_dpd_1plus_count,0.00026228928067018254
b45cb7fb871d4322bfdbb52e6e8d1d38,42,3,history_selected,1000,feature,bureau_balance_dpd_1plus_count,0.000433678015480185
b45cb7fb871d4322bfdbb52e6e8d1d38,42,4,history_selected,1000,feature,bureau_balance_dpd_1plus_count,0.00033503488622298573
b45cb7fb871d4322bfdbb52e6e8d1d38,42,5,history_selected,1000,feature,bureau_balance_dpd_1plus_count,0.0007023199451625092
b45cb7fb871d4322bfdbb52e6e8d1d38,42,1,history_selected,1000,feature,bureau_balance_dpd_1plus_rate,0.0015963513874802401
b45cb7fb871d4322bfdbb52e6e8d1d38,42,2,history_selected,1000,feature,bureau_balance_dpd_1plus_rate,0.0018219076427589674
b45cb7fb871d4322bfdbb52e6e8d1d38,42,3,history_selected,1000,feature,bureau_balance_dpd_1plus_rate,0.0021133572255187245
b45cb7fb871d4322bfdbb52e6e8d1d38,42,4,history_selected,1000,feature,bureau_balance_dpd_1plus_rate,0.0025513693756099866
b45cb7fb871d4322bfdbb52e6e8d1d38,42,5,history_selected,1000,feature,bureau_balance_dpd_1plus_rate,0.002461426055941099
b45cb7fb871d4322bfdbb52e6e8d1d38,42,1,history_selected,1000,feature,bureau_balance_dpd_2plus_count,2.646695985813742e-05
b45cb7fb871d4322bfdbb52e6e8d1d38,42,2,history_selected,1000,feature,bureau_balance_dpd_2plus_count,0.0
b45cb7fb871d4322bfdbb52e6e8d1d38,42,3,history_selected,1000,feature,bureau_balance_dpd_2plus_count,0.0
b45cb7fb871d4322bfdbb52e6e8d1d38,42,4,history_selected,1000,feature,bureau_balance_dpd_2plus_count,1.7413625688078443e-05
b45cb7fb871d4322bfdbb52e6e8d1d38,42,5,history_selected,1000,feature,bureau_balance_dpd_2plus_count,0.00021371998063341507
b45cb7fb871d4322bfdbb52e6e8d1d38,42,1,history_selected,1000,feature,bureau_balance_dpd_2plus_rate,0.0007253104103083592
b45cb7fb871d4322bfdbb52e6e8d1d38,42,2,history_selected,1000,feature,bureau_balance_dpd_2plus_rate,8.985797835218498e-05
b45cb7fb871d4322bfdbb52e6e8d1d38,42,3,history_selected,1000,feature,bureau_balance_dpd_2plus_rate,0.0002512149581822608
b45cb7fb871d4322bfdbb52e6e8d1d38,42,4,history_selected,1000,feature,bureau_balance_dpd_2plus_rate,0.0002702294791156044
b45cb7fb871d4322bfdbb52e6e8d1d38,42,5,history_selected,1000,feature,bureau_balance_dpd_2plus_rate,0.00032372806661000003
b45cb7fb871d4322bfdbb52e6e8d1d38,42,1,history_selected,1000,feature,bureau_balance_dpd_5plus_count,0.0
b45cb7fb871d4322bfdbb52e6e8d1d38,42,2,history_selected,1000,feature,bureau_balance_dpd_5plus_count,0.0
b45cb7fb871d4322bfdbb52e6e8d1d38,42,3,history_selected,1000,feature,bureau_balance_dpd_5plus_count,0.0
b45cb7fb871d4322bfdbb52e6e8d1d38,42,4,history_selected,1000,feature,bureau_balance_dpd_5plus_count,0.0
b45cb7fb871d4322bfdbb52e6e8d1d38,42,5,history_selected,1000,feature,bureau_balance_dpd_5plus_count,7.323769380669447e-05
b45cb7fb871d4322bfdbb52e6e8d1d38,42,1,history_selected,1000,feature,bureau_balance_earliest_month,0.00467499472997012
b45cb7fb871d4322bfdbb52e6e8d1d38,42,2,history_selected,1000,feature,bureau_balance_earliest_month,0.0045488314626832135
b45cb7fb871d4322bfdbb52e6e8d1d38,42,3,history_selected,1000,feature,bureau_balance_earliest_month,0.00863344706272881
b45cb7fb871d4322bfdbb52e6e8d1d38,42,4,history_selected,1000,feature,bureau_balance_earliest_month,0.003319633534975288
b45cb7fb871d4322bfdbb52e6e8d1d38,42,5,history_selected,1000,feature,bureau_balance_earliest_month,0.006735928755360272
b45cb7fb871d4322bfdbb52e6e8d1d38,42,1,history_selected,1000,feature,bureau_balance_latest_month,0.00035148247585002103
b45cb7fb871d4322bfdbb52e6e8d1d38,42,2,history_selected,1000,feature,bureau_balance_latest_month,3.798688893282825e-05
b45cb7fb871d4322bfdbb52e6e8d1d38,42,3,history_selected,1000,feature,bureau_balance_latest_month,0.00011681589617659491
b45cb7fb871d4322bfdbb52e6e8d1d38,42,4,history_selected,1000,feature,bureau_balance_latest_month,0.000672261997385442
b45cb7fb871d4322bfdbb52e6e8d1d38,42,5,history_selected,1000,feature,bureau_balance_latest_month,0.0005390335768858133
b45cb7fb871d4322bfdbb52e6e8d1d38,42,1,history_selected,1000,feature,bureau_balance_max_status,0.0
b45cb7fb871d4322bfdbb52e6e8d1d38,42,2,history_selected,1000,feature,bureau_balance_max_status,0.0
b45cb7fb871d4322bfdbb52e6e8d1d38,42,3,history_selected,1000,feature,bureau_balance_max_status,0.0
b45cb7fb871d4322bfdbb52e6e8d1d38,42,4,history_selected,1000,feature,bureau_balance_max_status,0.00018992059177170556
b45cb7fb871d4322bfdbb52e6e8d1d38,42,5,history_selected,1000,feature,bureau_balance_max_status,0.0002203510193545676
b45cb7fb871d4322bfdbb52e6e8d1d38,42,1,history_selected,1000,feature,bureau_balance_month_count,0.002156273504537744
b45cb7fb871d4322bfdbb52e6e8d1d38,42,2,history_selected,1000,feature,bureau_balance_month_count,0.00036302391608149964
b45cb7fb871d4322bfdbb52e6e8d1d38,42,3,history_selected,1000,feature,bureau_balance_month_count,0.004851213910428015
b45cb7fb871d4322bfdbb52e6e8d1d38,42,4,history_selected,1000,feature,bureau_balance_month_count,0.0027526434282890712
b45cb7fb871d4322bfdbb52e6e8d1d38,42,5,history_selected,1000,feature,bureau_balance_month_count,0.004442891620695909
b45cb7fb871d4322bfdbb52e6e8d1d38,42,1,history_selected,1000,feature,bureau_balance_recent_dpd_1plus_count,0.0
b45cb7fb871d4322bfdbb52e6e8d1d38,42,2,history_selected,1000,feature,bureau_balance_recent_dpd_1plus_count,2.5286934397534934e-05
b45cb7fb871d4322bfdbb52e6e8d1d38,42,3,history_selected,1000,feature,bureau_balance_recent_dpd_1plus_count,0.00010029966842162944
b45cb7fb871d4322bfdbb52e6e8d1d38,42,4,history_selected,1000,feature,bureau_balance_recent_dpd_1plus_count,2.442550369521651e-05
b45cb7fb871d4322bfdbb52e6e8d1d38,42,5,history_selected,1000,feature,bureau_balance_recent_dpd_1plus_count,0.00014555827923539956
b45cb7fb871d4322bfdbb52e6e8d1d38,42,1,history_selected,1000,feature,bureau_balance_recent_dpd_1plus_rate,0.00017241053213712124
b45cb7fb871d4322bfdbb52e6e8d1d38,42,2,history_selected,1000,feature,bureau_balance_recent_dpd_1plus_rate,0.0
b45cb7fb871d4322bfdbb52e6e8d1d38,42,3,history_selected,1000,feature,bureau_balance_recent_dpd_1plus_rate,0.000102526208620483
b45cb7fb871d4322bfdbb52e6e8d1d38,42,4,history_selected,1000,feature,bureau_balance_recent_dpd_1plus_rate,4.2183441147302396e-05
b45cb7fb871d4322bfdbb52e6e8d1d38,42,5,history_selected,1000,feature,bureau_balance_recent_dpd_1plus_rate,0.0003496043523932818
b45cb7fb871d4322bfdbb52e6e8d1d38,42,1,history_selected,1000,feature,bureau_balance_recent_dpd_rate_delta,0.001793397704257517
b45cb7fb871d4322bfdbb52e6e8d1d38,42,2,history_selected,1000,feature,bureau_balance_recent_dpd_rate_delta,0.0003793441103072576
b45cb7fb871d4322bfdbb52e6e8d1d38,42,3,history_selected,1000,feature,bureau_balance_recent_dpd_rate_delta,0.0004822173006524616
b45cb7fb871d4322bfdbb52e6e8d1d38,42,4,history_selected,1000,feature,bureau_balance_recent_dpd_rate_delta,0.0012305837802398533
b45cb7fb871d4322bfdbb52e6e8d1d38,42,5,history_selected,1000,feature,bureau_balance_recent_dpd_rate_delta,0.0009059943045121834
b45cb7fb871d4322bfdbb52e6e8d1d38,42,1,history_selected,1000,feature,bureau_balance_recent_known_month_count,0.006061035623028354
b45cb7fb871d4322bfdbb52e6e8d1d38,42,2,history_selected,1000,feature,bureau_balance_recent_known_month_count,0.0006653627496768614
b45cb7fb871d4322bfdbb52e6e8d1d38,42,3,history_selected,1000,feature,bureau_balance_recent_known_month_count,0.004149455583848681
b45cb7fb871d4322bfdbb52e6e8d1d38,42,4,history_selected,1000,feature,bureau_balance_recent_known_month_count,0.0029528298560550486
b45cb7fb871d4322bfdbb52e6e8d1d38,42,5,history_selected,1000,feature,bureau_balance_recent_known_month_count,0.0014883501614584684
b45cb7fb871d4322bfdbb52e6e8d1d38,42,1,history_selected,1000,feature,bureau_balance_recent_month_count,0.005542729255459076
b45cb7fb871d4322bfdbb52e6e8d1d38,42,2,history_selected,1000,feature,bureau_balance_recent_month_count,0.0005129380592522139
b45cb7fb871d4322bfdbb52e6e8d1d38,42,3,history_selected,1000,feature,bureau_balance_recent_month_count,0.0010590470530325376
b45cb7fb871d4322bfdbb52e6e8d1d38,42,4,history_selected,1000,feature,bureau_balance_recent_month_count,0.0010990196945946423
b45cb7fb871d4322bfdbb52e6e8d1d38,42,5,history_selected,1000,feature,bureau_balance_recent_month_count,0.002980453398907551
b45cb7fb871d4322bfdbb52e6e8d1d38,42,1,history_selected,1000,feature,bureau_balance_recent_status_delta,0.0006727359550863701
b45cb7fb871d4322bfdbb52e6e8d1d38,42,2,history_selected,1000,feature,bureau_balance_recent_status_delta,5.7122554354829733e-05
b45cb7fb871d4322bfdbb52e6e8d1d38,42,3,history_selected,1000,feature,bureau_balance_recent_status_delta,0.00018762019400426136
b45cb7fb871d4322bfdbb52e6e8d1d38,42,4,history_selected,1000,feature,bureau_balance_recent_status_delta,0.00035208697147255067
b45cb7fb871d4322bfdbb52e6e8d1d38,42,5,history_selected,1000,feature,bureau_balance_recent_status_delta,0.0009615658775947044
b45cb7fb871d4322bfdbb52e6e8d1d38,42,1,history_selected,1000,feature,bureau_balance_unknown_month_count,0.008284117993789369
b45cb7fb871d4322bfdbb52e6e8d1d38,42,2,history_selected,1000,feature,bureau_balance_unknown_month_count,0.0024615175457734758
b45cb7fb871d4322bfdbb52e6e8d1d38,42,3,history_selected,1000,feature,bureau_balance_unknown_month_count,0.0023063703105390882
b45cb7fb871d4322bfdbb52e6e8d1d38,42,4,history_selected,1000,feature,bureau_balance_unknown_month_count,0.0006354729812226284
b45cb7fb871d4322bfdbb52e6e8d1d38,42,5,history_selected,1000,feature,bureau_balance_unknown_month_count,0.005690637607706397
b45cb7fb871d4322bfdbb52e6e8d1d38,42,1,history_selected,1000,feature,bureau_credit_count,0.0017524948136836862
b45cb7fb871d4322bfdbb52e6e8d1d38,42,2,history_selected,1000,feature,bureau_credit_count,0.003181230123011825
b45cb7fb871d4322bfdbb52e6e8d1d38,42,3,history_selected,1000,feature,bureau_credit_count,0.0016907669168627763
b45cb7fb871d4322bfdbb52e6e8d1d38,42,4,history_selected,1000,feature,bureau_credit_count,0.009480595524351456
b45cb7fb871d4322bfdbb52e6e8d1d38,42,5,history_selected,1000,feature,bureau_credit_count,0.0062567267509825155
b45cb7fb871d4322bfdbb52e6e8d1d38,42,1,history_selected,1000,feature,bureau_debt_to_income_ratio,0.024863445150933337
b45cb7fb871d4322bfdbb52e6e8d1d38,42,2,history_selected,1000,feature,bureau_debt_to_income_ratio,0.03309038527904197
b45cb7fb871d4322bfdbb52e6e8d1d38,42,3,history_selected,1000,feature,bureau_debt_to_income_ratio,0.033503875859494534
b45cb7fb871d4322bfdbb52e6e8d1d38,42,4,history_selected,1000,feature,bureau_debt_to_income_ratio,0.035673304856389275
b45cb7fb871d4322bfdbb52e6e8d1d38,42,5,history_selected,1000,feature,bureau_debt_to_income_ratio,0.02512351290244199
b45cb7fb871d4322bfdbb52e6e8d1d38,42,1,history_selected,1000,feature,canceled_application_count,0.00042116652540251327
b45cb7fb871d4322bfdbb52e6e8d1d38,42,2,history_selected,1000,feature,canceled_application_count,9.84245175598577e-05
b45cb7fb871d4322bfdbb52e6e8d1d38,42,3,history_selected,1000,feature,canceled_application_count,0.0012251873133339313
b45cb7fb871d4322bfdbb52e6e8d1d38,42,4,history_selected,1000,feature,canceled_application_count,0.00011366344516763634
b45cb7fb871d4322bfdbb52e6e8d1d38,42,5,history_selected,1000,feature,canceled_application_count,0.0011660684744904907
b45cb7fb871d4322bfdbb52e6e8d1d38,42,1,history_selected,1000,feature,closed_credit_count,0.017906920159522045
b45cb7fb871d4322bfdbb52e6e8d1d38,42,2,history_selected,1000,feature,closed_credit_count,0.0255410709856837
b45cb7fb871d4322bfdbb52e6e8d1d38,42,3,history_selected,1000,feature,closed_credit_count,0.02206635750618426
b45cb7fb871d4322bfdbb52e6e8d1d38,42,4,history_selected,1000,feature,closed_credit_count,0.025680064862704337
b45cb7fb871d4322bfdbb52e6e8d1d38,42,5,history_selected,1000,feature,closed_credit_count,0.016254758213950418
b45cb7fb871d4322bfdbb52e6e8d1d38,42,1,history_selected,1000,feature,credit_card_active_month_count,0.0007670627980997493
b45cb7fb871d4322bfdbb52e6e8d1d38,42,2,history_selected,1000,feature,credit_card_active_month_count,0.001569025964188335
b45cb7fb871d4322bfdbb52e6e8d1d38,42,3,history_selected,1000,feature,credit_card_active_month_count,0.0005472747106742095
b45cb7fb871d4322bfdbb52e6e8d1d38,42,4,history_selected,1000,feature,credit_card_active_month_count,0.0005452109267405658
b45cb7fb871d4322bfdbb52e6e8d1d38,42,5,history_selected,1000,feature,credit_card_active_month_count,0.00199906656218357
b45cb7fb871d4322bfdbb52e6e8d1d38,42,1,history_selected,1000,feature,credit_card_avg_balance,0.0012519908671790468
b45cb7fb871d4322bfdbb52e6e8d1d38,42,2,history_selected,1000,feature,credit_card_avg_balance,0.0013015135648505002
b45cb7fb871d4322bfdbb52e6e8d1d38,42,3,history_selected,1000,feature,credit_card_avg_balance,0.0010948699148553413
b45cb7fb871d4322bfdbb52e6e8d1d38,42,4,history_selected,1000,feature,credit_card_avg_balance,0.0012850831151089467
b45cb7fb871d4322bfdbb52e6e8d1d38,42,5,history_selected,1000,feature,credit_card_avg_balance,0.003602389761756775
b45cb7fb871d4322bfdbb52e6e8d1d38,42,1,history_selected,1000,feature,credit_card_avg_credit_limit,0.002756231742335748
b45cb7fb871d4322bfdbb52e6e8d1d38,42,2,history_selected,1000,feature,credit_card_avg_credit_limit,0.0016689633876654875
b45cb7fb871d4322bfdbb52e6e8d1d38,42,3,history_selected,1000,feature,credit_card_avg_credit_limit,0.0018654219804945262
b45cb7fb871d4322bfdbb52e6e8d1d38,42,4,history_selected,1000,feature,credit_card_avg_credit_limit,0.002147960536159261
b45cb7fb871d4322bfdbb52e6e8d1d38,42,5,history_selected,1000,feature,credit_card_avg_credit_limit,0.004560482780268995
b45cb7fb871d4322bfdbb52e6e8d1d38,42,1,history_selected,1000,feature,credit_card_avg_credit_utilization,0.0027446687021101014
b45cb7fb871d4322bfdbb52e6e8d1d38,42,2,history_selected,1000,feature,credit_card_avg_credit_utilization,0.004868033808626598
b45cb7fb871d4322bfdbb52e6e8d1d38,42,3,history_selected,1000,feature,credit_card_avg_credit_utilization,0.0035053938756082026
b45cb7fb871d4322bfdbb52e6e8d1d38,42,4,history_selected,1000,feature,credit_card_avg_credit_utilization,0.0024946776692645846
b45cb7fb871d4322bfdbb52e6e8d1d38,42,5,history_selected,1000,feature,credit_card_avg_credit_utilization,0.002752566043387776
b45cb7fb871d4322bfdbb52e6e8d1d38,42,1,history_selected,1000,feature,credit_card_avg_dpd,0.0002622725351233326
b45cb7fb871d4322bfdbb52e6e8d1d38,42,2,history_selected,1000,feature,credit_card_avg_dpd,0.0002962809712630891
b45cb7fb871d4322bfdbb52e6e8d1d38,42,3,history_selected,1000,feature,credit_card_avg_dpd,0.00012659019476166057
b45cb7fb871d4322bfdbb52e6e8d1d38,42,4,history_selected,1000,feature,credit_card_avg_dpd,2.3370574418018378e-05
b45cb7fb871d4322bfdbb52e6e8d1d38,42,5,history_selected,1000,feature,credit_card_avg_dpd,0.0004939051797138266
b45cb7fb871d4322bfdbb52e6e8d1d38,42,1,history_selected,1000,feature,credit_card_avg_dpd_def,0.0011577010247960499
b45cb7fb871d4322bfdbb52e6e8d1d38,42,2,history_selected,1000,feature,credit_card_avg_dpd_def,0.0007683877618154852
b45cb7fb871d4322bfdbb52e6e8d1d38,42,3,history_selected,1000,feature,credit_card_avg_dpd_def,0.0008593125727538294
b45cb7fb871d4322bfdbb52e6e8d1d38,42,4,history_selected,1000,feature,credit_card_avg_dpd_def,0.0003312739782981882
b45cb7fb871d4322bfdbb52e6e8d1d38,42,5,history_selected,1000,feature,credit_card_avg_dpd_def,0.0009053939757510357
b45cb7fb871d4322bfdbb52e6e8d1d38,42,1,history_selected,1000,feature,credit_card_avg_drawing_count,0.011749155348942051
b45cb7fb871d4322bfdbb52e6e8d1d38,42,2,history_selected,1000,feature,credit_card_avg_drawing_count,0.017124404598516225
b45cb7fb871d4322bfdbb52e6e8d1d38,42,3,history_selected,1000,feature,credit_card_avg_drawing_count,0.016162151435942424
b45cb7fb871d4322bfdbb52e6e8d1d38,42,4,history_selected,1000,feature,credit_card_avg_drawing_count,0.021369617694089182
b45cb7fb871d4322bfdbb52e6e8d1d38,42,5,history_selected,1000,feature,credit_card_avg_drawing_count,0.02075287752614008
b45cb7fb871d4322bfdbb52e6e8d1d38,42,1,history_selected,1000,feature,credit_card_avg_drawings_current,0.005804858963486863
b45cb7fb871d4322bfdbb52e6e8d1d38,42,2,history_selected,1000,feature,credit_card_avg_drawings_current,0.007282199611351542
b45cb7fb871d4322bfdbb52e6e8d1d38,42,3,history_selected,1000,feature,credit_card_avg_drawings_current,0.0035451999296105575
b45cb7fb871d4322bfdbb52e6e8d1d38,42,4,history_selected,1000,feature,credit_card_avg_drawings_current,0.002646581627723633
b45cb7fb871d4322bfdbb52e6e8d1d38,42,5,history_selected,1000,feature,credit_card_avg_drawings_current,0.014768990424070249
b45cb7fb871d4322bfdbb52e6e8d1d38,42,1,history_selected,1000,feature,credit_card_avg_total_receivable,0.0024398228041682775
b45cb7fb871d4322bfdbb52e6e8d1d38,42,2,history_selected,1000,feature,credit_card_avg_total_receivable,0.0012052014221281223
b45cb7fb871d4322bfdbb52e6e8d1d38,42,3,history_selected,1000,feature,credit_card_avg_total_receivable,0.0013352859790824677
b45cb7fb871d4322bfdbb52e6e8d1d38,42,4,history_selected,1000,feature,credit_card_avg_total_receivable,0.0008851160418446923
b45cb7fb871d4322bfdbb52e6e8d1d38,42,5,history_selected,1000,feature,credit_card_avg_total_receivable,0.0017255560903076843
b45cb7fb871d4322bfdbb52e6e8d1d38,42,1,history_selected,1000,feature,credit_card_balance_to_limit_ratio,0.0122529189796236
b45cb7fb871d4322bfdbb52e6e8d1d38,42,2,history_selected,1000,feature,credit_card_balance_to_limit_ratio,0.010883735788606607
b45cb7fb871d4322bfdbb52e6e8d1d38,42,3,history_selected,1000,feature,credit_card_balance_to_limit_ratio,0.011855950169268893
b45cb7fb871d4322bfdbb52e6e8d1d38,42,4,history_selected,1000,feature,credit_card_balance_to_limit_ratio,0.010335487099951003
b45cb7fb871d4322bfdbb52e6e8d1d38,42,5,history_selected,1000,feature,credit_card_balance_to_limit_ratio,0.02536641575128105
b45cb7fb871d4322bfdbb52e6e8d1d38,42,1,history_selected,1000,feature,credit_card_completed_month_count,5.547395501535292e-05
b45cb7fb871d4322bfdbb52e6e8d1d38,42,2,history_selected,1000,feature,credit_card_completed_month_count,0.00015916733021523484
b45cb7fb871d4322bfdbb52e6e8d1d38,42,3,history_selected,1000,feature,credit_card_completed_month_count,0.00021705188932887682
b45cb7fb871d4322bfdbb52e6e8d1d38,42,4,history_selected,1000,feature,credit_card_completed_month_count,0.0
b45cb7fb871d4322bfdbb52e6e8d1d38,42,5,history_selected,1000,feature,credit_card_completed_month_count,0.00019747528969512844
b45cb7fb871d4322bfdbb52e6e8d1d38,42,1,history_selected,1000,feature,credit_card_completed_month_rate,0.00014551722262698476
b45cb7fb871d4322bfdbb52e6e8d1d38,42,2,history_selected,1000,feature,credit_card_completed_month_rate,0.0
b45cb7fb871d4322bfdbb52e6e8d1d38,42,3,history_selected,1000,feature,credit_card_completed_month_rate,0.00012904711125027993
b45cb7fb871d4322bfdbb52e6e8d1d38,42,4,history_selected,1000,feature,credit_card_completed_month_rate,0.0
b45cb7fb871d4322bfdbb52e6e8d1d38,42,5,history_selected,1000,feature,credit_card_completed_month_rate,0.0005416670473522053
b45cb7fb871d4322bfdbb52e6e8d1d38,42,1,history_selected,1000,feature,credit_card_contract_count,0.0
b45cb7fb871d4322bfdbb52e6e8d1d38,42,2,history_selected,1000,feature,credit_card_contract_count,0.0
b45cb7fb871d4322bfdbb52e6e8d1d38,42,3,history_selected,1000,feature,credit_card_contract_count,0.0
b45cb7fb871d4322bfdbb52e6e8d1d38,42,4,history_selected,1000,feature,credit_card_contract_count,0.0
b45cb7fb871d4322bfdbb52e6e8d1d38,42,5,history_selected,1000,feature,credit_card_contract_count,0.0
b45cb7fb871d4322bfdbb52e6e8d1d38,42,1,history_selected,1000,feature,credit_card_dpd_def_month_count,0.0
b45cb7fb871d4322bfdbb52e6e8d1d38,42,2,history_selected,1000,feature,credit_card_dpd_def_month_count,0.0
b45cb7fb871d4322bfdbb52e6e8d1d38,42,3,history_selected,1000,feature,credit_card_dpd_def_month_count,0.00022240630302762022
b45cb7fb871d4322bfdbb52e6e8d1d38,42,4,history_selected,1000,feature,credit_card_dpd_def_month_count,0.0
b45cb7fb871d4322bfdbb52e6e8d1d38,42,5,history_selected,1000,feature,credit_card_dpd_def_month_count,0.00015753122098222482
b45cb7fb871d4322bfdbb52e6e8d1d38,42,1,history_selected,1000,feature,credit_card_dpd_def_month_rate,0.0006005415078293319
b45cb7fb871d4322bfdbb52e6e8d1d38,42,2,history_selected,1000,feature,credit_card_dpd_def_month_rate,0.0001827149988896701
b45cb7fb871d4322bfdbb52e6e8d1d38,42,3,history_selected,1000,feature,credit_card_dpd_def_month_rate,0.00042343629936185547
b45cb7fb871d4322bfdbb52e6e8d1d38,42,4,history_selected,1000,feature,credit_card_dpd_def_month_rate,0.00025727772744276763
b45cb7fb871d4322bfdbb52e6e8d1d38,42,5,history_selected,1000,feature,credit_card_dpd_def_month_rate,0.0005973014766072245
b45cb7fb871d4322bfdbb52e6e8d1d38,42,1,history_selected,1000,feature,credit_card_dpd_month_count,0.0001661036117479977
b45cb7fb871d4322bfdbb52e6e8d1d38,42,2,history_selected,1000,feature,credit_card_dpd_month_count,0.0
b45cb7fb871d4322bfdbb52e6e8d1d38,42,3,history_selected,1000,feature,credit_card_dpd_month_count,0.00022706357333926358
b45cb7fb871d4322bfdbb52e6e8d1d38,42,4,history_selected,1000,feature,credit_card_dpd_month_count,0.0
b45cb7fb871d4322bfdbb52e6e8d1d38,42,5,history_selected,1000,feature,credit_card_dpd_month_count,0.0007758418714498217
b45cb7fb871d4322bfdbb52e6e8d1d38,42,1,history_selected,1000,feature,credit_card_dpd_month_rate,0.0003463168350166151
b45cb7fb871d4322bfdbb52e6e8d1d38,42,2,history_selected,1000,feature,credit_card_dpd_month_rate,7.456412297105394e-05
b45cb7fb871d4322bfdbb52e6e8d1d38,42,3,history_selected,1000,feature,credit_card_dpd_month_rate,0.0006498852016461788
b45cb7fb871d4322bfdbb52e6e8d1d38,42,4,history_selected,1000,feature,credit_card_dpd_month_rate,3.242160709252011e-05
b45cb7fb871d4322bfdbb52e6e8d1d38,42,5,history_selected,1000,feature,credit_card_dpd_month_rate,0.0004318869757332393
b45cb7fb871d4322bfdbb52e6e8d1d38,42,1,history_selected,1000,feature,credit_card_earliest_month,0.0009242297189134876
b45cb7fb871d4322bfdbb52e6e8d1d38,42,2,history_selected,1000,feature,credit_card_earliest_month,0.001234493975616716
b45cb7fb871d4322bfdbb52e6e8d1d38,42,3,history_selected,1000,feature,credit_card_earliest_month,0.00020097479536104924
b45cb7fb871d4322bfdbb52e6e8d1d38,42,4,history_selected,1000,feature,credit_card_earliest_month,0.0010282146865543812
b45cb7fb871d4322bfdbb52e6e8d1d38,42,5,history_selected,1000,feature,credit_card_earliest_month,0.002180424858789669
b45cb7fb871d4322bfdbb52e6e8d1d38,42,1,history_selected,1000,feature,credit_card_last_3_credit_utilization,0.04159909012413797
b45cb7fb871d4322bfdbb52e6e8d1d38,42,2,history_selected,1000,feature,credit_card_last_3_credit_utilization,0.032871555206205064
b45cb7fb871d4322bfdbb52e6e8d1d38,42,3,history_selected,1000,feature,credit_card_last_3_credit_utilization,0.03817752926994353
b45cb7fb871d4322bfdbb52e6e8d1d38,42,4,history_selected,1000,feature,credit_card_last_3_credit_utilization,0.03341312922714825
b45cb7fb871d4322bfdbb52e6e8d1d38,42,5,history_selected,1000,feature,credit_card_last_3_credit_utilization,0.023347067085208797
b45cb7fb871d4322bfdbb52e6e8d1d38,42,1,history_selected,1000,feature,credit_card_last_3_dpd_rate,2.025113903615119e-05
b45cb7fb871d4322bfdbb52e6e8d1d38,42,2,history_selected,1000,feature,credit_card_last_3_dpd_rate,3.550166850448736e-05
b45cb7fb871d4322bfdbb52e6e8d1d38,42,3,history_selected,1000,feature,credit_card_last_3_dpd_rate,0.0
b45cb7fb871d4322bfdbb52e6e8d1d38,42,4,history_selected,1000,feature,credit_card_last_3_dpd_rate,2.648739288870957e-05
b45cb7fb871d4322bfdbb52e6e8d1d38,42,5,history_selected,1000,feature,credit_card_last_3_dpd_rate,0.0
b45cb7fb871d4322bfdbb52e6e8d1d38,42,1,history_selected,1000,feature,credit_card_last_3_drawing_count,0.0056010460919074375
b45cb7fb871d4322bfdbb52e6e8d1d38,42,2,history_selected,1000,feature,credit_card_last_3_drawing_count,0.0037458249846607098
b45cb7fb871d4322bfdbb52e6e8d1d38,42,3,history_selected,1000,feature,credit_card_last_3_drawing_count,0.010635069902963482
b45cb7fb871d4322bfdbb52e6e8d1d38,42,4,history_selected,1000,feature,credit_card_last_3_drawing_count,0.0073108337704780885
b45cb7fb871d4322bfdbb52e6e8d1d38,42,5,history_selected,1000,feature,credit_card_last_3_drawing_count,0.004675371940372737
b45cb7fb871d4322bfdbb52e6e8d1d38,42,1,history_selected,1000,feature,credit_card_last_3_payment_to_min_ratio,0.008570032894890877
b45cb7fb871d4322bfdbb52e6e8d1d38,42,2,history_selected,1000,feature,credit_card_last_3_payment_to_min_ratio,0.011122943310274767
b45cb7fb871d4322bfdbb52e6e8d1d38,42,3,history_selected,1000,feature,credit_card_last_3_payment_to_min_ratio,0.004881500885820765
b45cb7fb871d4322bfdbb52e6e8d1d38,42,4,history_selected,1000,feature,credit_card_last_3_payment_to_min_ratio,0.013448327975706985
b45cb7fb871d4322bfdbb52e6e8d1d38,42,5,history_selected,1000,feature,credit_card_last_3_payment_to_min_ratio,0.008425087179982698
b45cb7fb871d4322bfdbb52e6e8d1d38,42,1,history_selected,1000,feature,credit_card_last_3_utilization_delta,0.0045646165979249176
b45cb7fb871d4322bfdbb52e6e8d1d38,42,2,history_selected,1000,feature,credit_card_last_3_utilization_delta,0.0004618961732960083
b45cb7fb871d4322bfdbb52e6e8d1d38,42,3,history_selected,1000,feature,credit_card_last_3_utilization_delta,0.003547042498173943
b45cb7fb871d4322bfdbb52e6e8d1d38,42,4,history_selected,1000,feature,credit_card_last_3_utilization_delta,0.0047421910993357165
b45cb7fb871d4322bfdbb52e6e8d1d38,42,5,history_selected,1000,feature,credit_card_last_3_utilization_delta,0.008556528681165803
b45cb7fb871d4322bfdbb52e6e8d1d38,42,1,history_selected,1000,feature,credit_card_latest_month,0.0007646830219104752
b45cb7fb871d4322bfdbb52e6e8d1d38,42,2,history_selected,1000,feature,credit_card_latest_month,5.372986220123612e-05
b45cb7fb871d4322bfdbb52e6e8d1d38,42,3,history_selected,1000,feature,credit_card_latest_month,0.00035769228889419687
b45cb7fb871d4322bfdbb52e6e8d1d38,42,4,history_selected,1000,feature,credit_card_latest_month,3.8600874631385e-05
b45cb7fb871d4322bfdbb52e6e8d1d38,42,5,history_selected,1000,feature,credit_card_latest_month,0.0002840529581874917
b45cb7fb871d4322bfdbb52e6e8d1d38,42,1,history_selected,1000,feature,credit_card_max_balance,0.007070411081943325
b45cb7fb871d4322bfdbb52e6e8d1d38,42,2,history_selected,1000,feature,credit_card_max_balance,0.007502269419332148
b45cb7fb871d4322bfdbb52e6e8d1d38,42,3,history_selected,1000,feature,credit_card_max_balance,0.00542626307106793
b45cb7fb871d4322bfdbb52e6e8d1d38,42,4,history_selected,1000,feature,credit_card_max_balance,0.0032694320470606363
b45cb7fb871d4322bfdbb52e6e8d1d38,42,5,history_selected,1000,feature,credit_card_max_balance,0.008361326117070716
b45cb7fb871d4322bfdbb52e6e8d1d38,42,1,history_selected,1000,feature,credit_card_max_credit_limit,0.00036255215159021974
b45cb7fb871d4322bfdbb52e6e8d1d38,42,2,history_selected,1000,feature,credit_card_max_credit_limit,0.00018940229537962042
b45cb7fb871d4322bfdbb52e6e8d1d38,42,3,history_selected,1000,feature,credit_card_max_credit_limit,0.00074115561663599
b45cb7fb871d4322bfdbb52e6e8d1d38,42,4,history_selected,1000,feature,credit_card_max_credit_limit,0.00036295017795334847
b45cb7fb871d4322bfdbb52e6e8d1d38,42,5,history_selected,1000,feature,credit_card_max_credit_limit,0.0012124926602833613
b45cb7fb871d4322bfdbb52e6e8d1d38,42,1,history_selected,1000,feature,credit_card_max_dpd,0.0003925147487757981
b45cb7fb871d4322bfdbb52e6e8d1d38,42,2,history_selected,1000,feature,credit_card_max_dpd,4.6055079077238144e-05
b45cb7fb871d4322bfdbb52e6e8d1d38,42,3,history_selected,1000,feature,credit_card_max_dpd,0.00013206514253919486
b45cb7fb871d4322bfdbb52e6e8d1d38,42,4,history_selected,1000,feature,credit_card_max_dpd,0.0
b45cb7fb871d4322bfdbb52e6e8d1d38,42,5,history_selected,1000,feature,credit_card_max_dpd,9.502753511516272e-05
b45cb7fb871d4322bfdbb52e6e8d1d38,42,1,history_selected,1000,feature,credit_card_max_dpd_def,0.0
b45cb7fb871d4322bfdbb52e6e8d1d38,42,2,history_selected,1000,feature,credit_card_max_dpd_def,0.0
b45cb7fb871d4322bfdbb52e6e8d1d38,42,3,history_selected,1000,feature,credit_card_max_dpd_def,0.0
b45cb7fb871d4322bfdbb52e6e8d1d38,42,4,history_selected,1000,feature,credit_card_max_dpd_def,0.0
b45cb7fb871d4322bfdbb52e6e8d1d38,42,5,history_selected,1000,feature,credit_card_max_dpd_def,0.0
b45cb7fb871d4322bfdbb52e6e8d1d38,42,1,history_selected,1000,feature,credit_card_month_count,0.0015918755940325954
b45cb7fb871d4322bfdbb52e6e8d1d38,42,2,history_selected,1000,feature,credit_card_month_count,0.0008052774647699141
b45cb7fb871d4322bfdbb52e6e8d1d38,42,3,history_selected,1000,feature,credit_card_month_count,0.00030455075732672835
b45cb7fb871d4322bfdbb52e6e8d1d38,42,4,history_selected,1000,feature,credit_card_month_count,0.0017303353134174083
b45cb7fb871d4322bfdbb52e6e8d1d38,42,5,history_selected,1000,feature,credit_card_month_count,0.002429761095607445
b45cb7fb871d4322bfdbb52e6e8d1d38,42,1,history_selected,1000,feature,credit_card_payment_to_min_ratio,0.000992327159315188
b45cb7fb871d4322bfdbb52e6e8d1d38,42,2,history_selected,1000,feature,credit_card_payment_to_min_ratio,0.0015216559664834198
b45cb7fb871d4322bfdbb52e6e8d1d38,42,3,history_selected,1000,feature,credit_card_payment_to_min_ratio,0.0012284093800100403
b45cb7fb871d4322bfdbb52e6e8d1d38,42,4,history_selected,1000,feature,credit_card_payment_to_min_ratio,0.0011532757796494807
b45cb7fb871d4322bfdbb52e6e8d1d38,42,5,history_selected,1000,feature,credit_card_payment_to_min_ratio,0.0028273954199175963
b45cb7fb871d4322bfdbb52e6e8d1d38,42,1,history_selected,1000,feature,credit_card_problem_status_month_count,0.0
b45cb7fb871d4322bfdbb52e6e8d1d38,42,2,history_selected,1000,feature,credit_card_problem_status_month_count,0.0
b45cb7fb871d4322bfdbb52e6e8d1d38,42,3,history_selected,1000,feature,credit_card_problem_status_month_count,0.0
b45cb7fb871d4322bfdbb52e6e8d1d38,42,4,history_selected,1000,feature,credit_card_problem_status_month_count,0.0
b45cb7fb871d4322bfdbb52e6e8d1d38,42,5,history_selected,1000,feature,credit_card_problem_status_month_count,0.0
b45cb7fb871d4322bfdbb52e6e8d1d38,42,1,history_selected,1000,feature,credit_card_recent_balance_ratio_delta,0.00040930713932103364
b45cb7fb871d4322bfdbb52e6e8d1d38,42,2,history_selected,1000,feature,credit_card_recent_balance_ratio_delta,0.0004868135106163009
b45cb7fb871d4322bfdbb52e6e8d1d38,42,3,history_selected,1000,feature,credit_card_recent_balance_ratio_delta,0.00036060923060523615
b45cb7fb871d4322bfdbb52e6e8d1d38,42,4,history_selected,1000,feature,credit_card_recent_balance_ratio_delta,0.00021766727325260102
b45cb7fb871d4322bfdbb52e6e8d1d38,42,5,history_selected,1000,feature,credit_card_recent_balance_ratio_delta,0.0007315276548818625
b45cb7fb871d4322bfdbb52e6e8d1d38,42,1,history_selected,1000,feature,credit_card_recent_dpd_month_count,0.0
b45cb7fb871d4322bfdbb52e6e8d1d38,42,2,history_selected,1000,feature,credit_card_recent_dpd_month_count,4.285753146421914e-05
b45cb7fb871d4322bfdbb52e6e8d1d38,42,3,history_selected,1000,feature,credit_card_recent_dpd_month_count,6.341365800000717e-05
b45cb7fb871d4322bfdbb52e6e8d1d38,42,4,history_selected,1000,feature,credit_card_recent_dpd_month_count,0.0
b45cb7fb871d4322bfdbb52e6e8d1d38,42,5,history_selected,1000,feature,credit_card_recent_dpd_month_count,6.968520112982211e-05
b45cb7fb871d4322bfdbb52e6e8d1d38,42,1,history_selected,1000,feature,credit_card_recent_dpd_month_rate,0.0
b45cb7fb871d4322bfdbb52e6e8d1d38,42,2,history_selected,1000,feature,credit_card_recent_dpd_month_rate,3.484330931794563e-05
b45cb7fb871d4322bfdbb52e6e8d1d38,42,3,history_selected,1000,feature,credit_card_recent_dpd_month_rate,5.660816070982614e-05
b45cb7fb871d4322bfdbb52e6e8d1d38,42,4,history_selected,1000,feature,credit_card_recent_dpd_month_rate,0.0
b45cb7fb871d4322bfdbb52e6e8d1d38,42,5,history_selected,1000,feature,credit_card_recent_dpd_month_rate,6.016836460161425e-05
b45cb7fb871d4322bfdbb52e6e8d1d38,42,1,history_selected,1000,feature,credit_card_recent_dpd_rate_delta,0.001192425620582414
b45cb7fb871d4322bfdbb52e6e8d1d38,42,2,history_selected,1000,feature,credit_card_recent_dpd_rate_delta,0.0007753805041533514
b45cb7fb871d4322bfdbb52e6e8d1d38,42,3,history_selected,1000,feature,credit_card_recent_dpd_rate_delta,0.0008149019941740927
b45cb7fb871d4322bfdbb52e6e8d1d38,42,4,history_selected,1000,feature,credit_card_recent_dpd_rate_delta,0.0001224743640069179
b45cb7fb871d4322bfdbb52e6e8d1d38,42,5,history_selected,1000,feature,credit_card_recent_dpd_rate_delta,0.0006337505983076842
b45cb7fb871d4322bfdbb52e6e8d1d38,42,1,history_selected,1000,feature,credit_card_recent_drawings_ratio_delta,0.005823225287728154
b45cb7fb871d4322bfdbb52e6e8d1d38,42,2,history_selected,1000,feature,credit_card_recent_drawings_ratio_delta,0.0011271815516660936
b45cb7fb871d4322bfdbb52e6e8d1d38,42,3,history_selected,1000,feature,credit_card_recent_drawings_ratio_delta,0.003689301553090082
b45cb7fb871d4322bfdbb52e6e8d1d38,42,4,history_selected,1000,feature,credit_card_recent_drawings_ratio_delta,0.007794010639502943
b45cb7fb871d4322bfdbb52e6e8d1d38,42,5,history_selected,1000,feature,credit_card_recent_drawings_ratio_delta,0.0055013853112817574
b45cb7fb871d4322bfdbb52e6e8d1d38,42,1,history_selected,1000,feature,credit_card_recent_month_count,0.0
b45cb7fb871d4322bfdbb52e6e8d1d38,42,2,history_selected,1000,feature,credit_card_recent_month_count,0.0
b45cb7fb871d4322bfdbb52e6e8d1d38,42,3,history_selected,1000,feature,credit_card_recent_month_count,5.927629334241011e-05
b45cb7fb871d4322bfdbb52e6e8d1d38,42,4,history_selected,1000,feature,credit_card_recent_month_count,0.0006833680987544838
b45cb7fb871d4322bfdbb52e6e8d1d38,42,5,history_selected,1000,feature,credit_card_recent_month_count,0.0007043284996037648
b45cb7fb871d4322bfdbb52e6e8d1d38,42,1,history_selected,1000,feature,credit_card_recent_utilization_delta,0.0004589579591613943
b45cb7fb871d4322bfdbb52e6e8d1d38,42,2,history_selected,1000,feature,credit_card_recent_utilization_delta,0.00022115551024686045
b45cb7fb871d4322bfdbb52e6e8d1d38,42,3,history_selected,1000,feature,credit_card_recent_utilization_delta,0.0015878324990099173
b45cb7fb871d4322bfdbb52e6e8d1d38,42,4,history_selected,1000,feature,credit_card_recent_utilization_delta,0.0017111213318484351
b45cb7fb871d4322bfdbb52e6e8d1d38,42,5,history_selected,1000,feature,credit_card_recent_utilization_delta,0.0005410001012679986
b45cb7fb871d4322bfdbb52e6e8d1d38,42,1,history_selected,1000,feature,credit_card_total_drawing_count,0.005627577703683533
b45cb7fb871d4322bfdbb52e6e8d1d38,42,2,history_selected,1000,feature,credit_card_total_drawing_count,0.0010225077895478416
b45cb7fb871d4322bfdbb52e6e8d1d38,42,3,history_selected,1000,feature,credit_card_total_drawing_count,0.002409993444543025
b45cb7fb871d4322bfdbb52e6e8d1d38,42,4,history_selected,1000,feature,credit_card_total_drawing_count,0.0036101803844798565
b45cb7fb871d4322bfdbb52e6e8d1d38,42,5,history_selected,1000,feature,credit_card_total_drawing_count,0.0017269934669155182
b45cb7fb871d4322bfdbb52e6e8d1d38,42,1,history_selected,1000,feature,credit_card_total_drawings_current,0.0008900186196832286
b45cb7fb871d4322bfdbb52e6e8d1d38,42,2,history_selected,1000,feature,credit_card_total_drawings_current,0.0005083465554997335
b45cb7fb871d4322bfdbb52e6e8d1d38,42,3,history_selected,1000,feature,credit_card_total_drawings_current,0.0015345290511183912
b45cb7fb871d4322bfdbb52e6e8d1d38,42,4,history_selected,1000,feature,credit_card_total_drawings_current,0.0017639149523659902
b45cb7fb871d4322bfdbb52e6e8d1d38,42,5,history_selected,1000,feature,credit_card_total_drawings_current,0.001983289098051214
b45cb7fb871d4322bfdbb52e6e8d1d38,42,1,history_selected,1000,feature,credit_card_total_payment_to_min_ratio,0.0004574791205766348
b45cb7fb871d4322bfdbb52e6e8d1d38,42,2,history_selected,1000,feature,credit_card_total_payment_to_min_ratio,0.000561173944747605
b45cb7fb871d4322bfdbb52e6e8d1d38,42,3,history_selected,1000,feature,credit_card_total_payment_to_min_ratio,0.0012156864393762276
b45cb7fb871d4322bfdbb52e6e8d1d38,42,4,history_selected,1000,feature,credit_card_total_payment_to_min_ratio,0.0006630480976347501
b45cb7fb871d4322bfdbb52e6e8d1d38,42,5,history_selected,1000,feature,credit_card_total_payment_to_min_ratio,0.0014216200053878505
b45cb7fb871d4322bfdbb52e6e8d1d38,42,1,history_selected,1000,feature,credit_card_total_receivable,0.0036057660864796844
b45cb7fb871d4322bfdbb52e6e8d1d38,42,2,history_selected,1000,feature,credit_card_total_receivable,0.0021263543568250665
b45cb7fb871d4322bfdbb52e6e8d1d38,42,3,history_selected,1000,feature,credit_card_total_receivable,0.003160242014872662
b45cb7fb871d4322bfdbb52e6e8d1d38,42,4,history_selected,1000,feature,credit_card_total_receivable,0.0009138862126629243
b45cb7fb871d4322bfdbb52e6e8d1d38,42,5,history_selected,1000,feature,credit_card_total_receivable,0.0022804469623211206
b45cb7fb871d4322bfdbb52e6e8d1d38,42,1,history_selected,1000,feature,credit_to_income_ratio,0.008001549661205757
b45cb7fb871d4322bfdbb52e6e8d1d38,42,2,history_selected,1000,feature,credit_to_income_ratio,0.002548565480742834
b45cb7fb871d4322bfdbb52e6e8d1d38,42,3,history_selected,1000,feature,credit_to_income_ratio,0.005425408427537588
b45cb7fb871d4322bfdbb52e6e8d1d38,42,4,history_selected,1000,feature,credit_to_income_ratio,0.007474784745502673
b45cb7fb871d4322bfdbb52e6e8d1d38,42,5,history_selected,1000,feature,credit_to_income_ratio,0.013881357595998133
b45cb7fb871d4322bfdbb52e6e8d1d38,42,1,history_selected,1000,feature,earliest_days_credit,0.006016664618756508
b45cb7fb871d4322bfdbb52e6e8d1d38,42,2,history_selected,1000,feature,earliest_days_credit,0.004831340195881853
b45cb7fb871d4322bfdbb52e6e8d1d38,42,3,history_selected,1000,feature,earliest_days_credit,0.004545223539618804
b45cb7fb871d4322bfdbb52e6e8d1d38,42,4,history_selected,1000,feature,earliest_days_credit,0.005361411480157249
b45cb7fb871d4322bfdbb52e6e8d1d38,42,5,history_selected,1000,feature,earliest_days_credit,0.01369637814175956
b45cb7fb871d4322bfdbb52e6e8d1d38,42,1,history_selected,1000,feature,earliest_days_decision,0.005237343244441379
b45cb7fb871d4322bfdbb52e6e8d1d38,42,2,history_selected,1000,feature,earliest_days_decision,0.005735541663059213
b45cb7fb871d4322bfdbb52e6e8d1d38,42,3,history_selected,1000,feature,earliest_days_decision,0.009184822495935914
b45cb7fb871d4322bfdbb52e6e8d1d38,42,4,history_selected,1000,feature,earliest_days_decision,0.005390544532461901
b45cb7fb871d4322bfdbb52e6e8d1d38,42,5,history_selected,1000,feature,earliest_days_decision,0.007088875211192176
b45cb7fb871d4322bfdbb52e6e8d1d38,42,1,history_selected,1000,feature,employment_length_days,0.11284847454413387
b45cb7fb871d4322bfdbb52e6e8d1d38,42,2,history_selected,1000,feature,employment_length_days,0.10119146109784058
b45cb7fb871d4322bfdbb52e6e8d1d38,42,3,history_selected,1000,feature,employment_length_days,0.1009997247565053
b45cb7fb871d4322bfdbb52e6e8d1d38,42,4,history_selected,1000,feature,employment_length_days,0.11411112333432148
b45cb7fb871d4322bfdbb52e6e8d1d38,42,5,history_selected,1000,feature,employment_length_days,0.09600502417428895
b45cb7fb871d4322bfdbb52e6e8d1d38,42,1,history_selected,1000,feature,ext_source_max,0.0729478245563679
b45cb7fb871d4322bfdbb52e6e8d1d38,42,2,history_selected,1000,feature,ext_source_max,0.09316673330081131
b45cb7fb871d4322bfdbb52e6e8d1d38,42,3,history_selected,1000,feature,ext_source_max,0.08364973021859785
b45cb7fb871d4322bfdbb52e6e8d1d38,42,4,history_selected,1000,feature,ext_source_max,0.06872352968572712
b45cb7fb871d4322bfdbb52e6e8d1d38,42,5,history_selected,1000,feature,ext_source_max,0.07131225443594773
b45cb7fb871d4322bfdbb52e6e8d1d38,42,1,history_selected,1000,feature,ext_source_mean,0.3758003939770039
b45cb7fb871d4322bfdbb52e6e8d1d38,42,2,history_selected,1000,feature,ext_source_mean,0.39236342004532854
b45cb7fb871d4322bfdbb52e6e8d1d38,42,3,history_selected,1000,feature,ext_source_mean,0.39542294564421737
b45cb7fb871d4322bfdbb52e6e8d1d38,42,4,history_selected,1000,feature,ext_source_mean,0.36991326260542867
b45cb7fb871d4322bfdbb52e6e8d1d38,42,5,history_selected,1000,feature,ext_source_mean,0.3788896374162307
b45cb7fb871d4322bfdbb52e6e8d1d38,42,1,history_selected,1000,feature,ext_source_min,0.06407231978818714
b45cb7fb871d4322bfdbb52e6e8d1d38,42,2,history_selected,1000,feature,ext_source_min,0.07313174365258893
b45cb7fb871d4322bfdbb52e6e8d1d38,42,3,history_selected,1000,feature,ext_source_min,0.05394128667760616
b45cb7fb871d4322bfdbb52e6e8d1d38,42,4,history_selected,1000,feature,ext_source_min,0.06777971635782301
b45cb7fb871d4322bfdbb52e6e8d1d38,42,5,history_selected,1000,feature,ext_source_min,0.06391701511852238
b45cb7fb871d4322bfdbb52e6e8d1d38,42,1,history_selected,1000,feature,ext_source_missing_count,0.03877172432486395
b45cb7fb871d4322bfdbb52e6e8d1d38,42,2,history_selected,1000,feature,ext_source_missing_count,0.02788759974202222
b45cb7fb871d4322bfdbb52e6e8d1d38,42,3,history_selected,1000,feature,ext_source_missing_count,0.025929921466826378
b45cb7fb871d4322bfdbb52e6e8d1d38,42,4,history_selected,1000,feature,ext_source_missing_count,0.02939116043221208
b45cb7fb871d4322bfdbb52e6e8d1d38,42,5,history_selected,1000,feature,ext_source_missing_count,0.03962067480723355
b45cb7fb871d4322bfdbb52e6e8d1d38,42,1,history_selected,1000,feature,external_score_annuity_pressure,0.043778711428163815
b45cb7fb871d4322bfdbb52e6e8d1d38,42,2,history_selected,1000,feature,external_score_annuity_pressure,0.03424620241831892
b45cb7fb871d4322bfdbb52e6e8d1d38,42,3,history_selected,1000,feature,external_score_annuity_pressure,0.03936225651409523
b45cb7fb871d4322bfdbb52e6e8d1d38,42,4,history_selected,1000,feature,external_score_annuity_pressure,0.040247627176784956
b45cb7fb871d4322bfdbb52e6e8d1d38,42,5,history_selected,1000,feature,external_score_annuity_pressure,0.026460819055737207
b45cb7fb871d4322bfdbb52e6e8d1d38,42,1,history_selected,1000,feature,external_score_credit_pressure,0.025544772071367784
b45cb7fb871d4322bfdbb52e6e8d1d38,42,2,history_selected,1000,feature,external_score_credit_pressure,0.02389254278352131
b45cb7fb871d4322bfdbb52e6e8d1d38,42,3,history_selected,1000,feature,external_score_credit_pressure,0.026433131849281498
b45cb7fb871d4322bfdbb52e6e8d1d38,42,4,history_selected,1000,feature,external_score_credit_pressure,0.030804734127432683
b45cb7fb871d4322bfdbb52e6e8d1d38,42,5,history_selected,1000,feature,external_score_credit_pressure,0.02683772760210605
b45cb7fb871d4322bfdbb52e6e8d1d38,42,1,history_selected,1000,feature,goods_price_to_income_ratio,0.009158319817064331
b45cb7fb871d4322bfdbb52e6e8d1d38,42,2,history_selected,1000,feature,goods_price_to_income_ratio,0.0035762978128778735
b45cb7fb871d4322bfdbb52e6e8d1d38,42,3,history_selected,1000,feature,goods_price_to_income_ratio,0.009327080789070522
b45cb7fb871d4322bfdbb52e6e8d1d38,42,4,history_selected,1000,feature,goods_price_to_income_ratio,0.009981512502754964
b45cb7fb871d4322bfdbb52e6e8d1d38,42,5,history_selected,1000,feature,goods_price_to_income_ratio,0.017114626836180164
b45cb7fb871d4322bfdbb52e6e8d1d38,42,1,history_selected,1000,feature,installment_ambiguous_obligation_count,0.03420576028823959
b45cb7fb871d4322bfdbb52e6e8d1d38,42,2,history_selected,1000,feature,installment_ambiguous_obligation_count,0.03159097921753041
b45cb7fb871d4322bfdbb52e6e8d1d38,42,3,history_selected,1000,feature,installment_ambiguous_obligation_count,0.036071043972788874
b45cb7fb871d4322bfdbb52e6e8d1d38,42,4,history_selected,1000,feature,installment_ambiguous_obligation_count,0.0311591549111705
b45cb7fb871d4322bfdbb52e6e8d1d38,42,5,history_selected,1000,feature,installment_ambiguous_obligation_count,0.04546212817903432
b45cb7fb871d4322bfdbb52e6e8d1d38,42,1,history_selected,1000,feature,installment_avg_arrears_age_days,0.006318520835294528
b45cb7fb871d4322bfdbb52e6e8d1d38,42,2,history_selected,1000,feature,installment_avg_arrears_age_days,0.00934453565684434
b45cb7fb871d4322bfdbb52e6e8d1d38,42,3,history_selected,1000,feature,installment_avg_arrears_age_days,0.012499741859687118
b45cb7fb871d4322bfdbb52e6e8d1d38,42,4,history_selected,1000,feature,installment_avg_arrears_age_days,0.008090263052956497
b45cb7fb871d4322bfdbb52e6e8d1d38,42,5,history_selected,1000,feature,installment_avg_arrears_age_days,0.012365606875411082
b45cb7fb871d4322bfdbb52e6e8d1d38,42,1,history_selected,1000,feature,installment_known_payment_obligation_count,0.0035817520706373355
b45cb7fb871d4322bfdbb52e6e8d1d38,42,2,history_selected,1000,feature,installment_known_payment_obligation_count,0.006079589499034831
b45cb7fb871d4322bfdbb52e6e8d1d38,42,3,history_selected,1000,feature,installment_known_payment_obligation_count,0.0045636457863113935
b45cb7fb871d4322bfdbb52e6e8d1d38,42,4,history_selected,1000,feature,installment_known_payment_obligation_count,0.005146440127546594
b45cb7fb871d4322bfdbb52e6e8d1d38,42,5,history_selected,1000,feature,installment_known_payment_obligation_count,0.010368895388110902
b45cb7fb871d4322bfdbb52e6e8d1d38,42,1,history_selected,1000,feature,installment_obligation_count,0.005883089432713379
b45cb7fb871d4322bfdbb52e6e8d1d38,42,2,history_selected,1000,feature,installment_obligation_count,0.013869435726186024
b45cb7fb871d4322bfdbb52e6e8d1d38,42,3,history_selected,1000,feature,installment_obligation_count,0.008426856751016757
b45cb7fb871d4322bfdbb52e6e8d1d38,42,4,history_selected,1000,feature,installment_obligation_count,0.01832265746293581
b45cb7fb871d4322bfdbb52e6e8d1d38,42,5,history_selected,1000,feature,installment_obligation_count,0.018980480750178746
b45cb7fb871d4322bfdbb52e6e8d1d38,42,1,history_selected,1000,feature,installment_ongoing_arrears_count,0.0025848650547227524
b45cb7fb871d4322bfdbb52e6e8d1d38,42,2,history_selected,1000,feature,installment_ongoing_arrears_count,0.0006031994782363505
b45cb7fb871d4322bfdbb52e6e8d1d38,42,3,history_selected,1000,feature,installment_ongoing_arrears_count,4.908286892547097e-05
b45cb7fb871d4322bfdbb52e6e8d1d38,42,4,history_selected,1000,feature,installment_ongoing_arrears_count,0.0011833121429207002
b45cb7fb871d4322bfdbb52e6e8d1d38,42,5,history_selected,1000,feature,installment_ongoing_arrears_count,0.001801164200510449
b45cb7fb871d4322bfdbb52e6e8d1d38,42,1,history_selected,1000,feature,installment_payment_count,0.0025066135624092307
b45cb7fb871d4322bfdbb52e6e8d1d38,42,2,history_selected,1000,feature,installment_payment_count,0.002285836226489294
b45cb7fb871d4322bfdbb52e6e8d1d38,42,3,history_selected,1000,feature,installment_payment_count,0.003411817035774393
b45cb7fb871d4322bfdbb52e6e8d1d38,42,4,history_selected,1000,feature,installment_payment_count,0.005652279299575531
b45cb7fb871d4322bfdbb52e6e8d1d38,42,5,history_selected,1000,feature,installment_payment_count,0.008819505859738985
b45cb7fb871d4322bfdbb52e6e8d1d38,42,1,history_selected,1000,feature,installment_unknown_payment_obligation_count,0.00043620662960272176
b45cb7fb871d4322bfdbb52e6e8d1d38,42,2,history_selected,1000,feature,installment_unknown_payment_obligation_count,0.0022461514190175217
b45cb7fb871d4322bfdbb52e6e8d1d38,42,3,history_selected,1000,feature,installment_unknown_payment_obligation_count,0.0020779098247156592
b45cb7fb871d4322bfdbb52e6e8d1d38,42,4,history_selected,1000,feature,installment_unknown_payment_obligation_count,0.000682150181531963
b45cb7fb871d4322bfdbb52e6e8d1d38,42,5,history_selected,1000,feature,installment_unknown_payment_obligation_count,0.0012542462596887194
b45cb7fb871d4322bfdbb52e6e8d1d38,42,1,history_selected,1000,feature,installments_last_3_avg_payment_delay_days,0.03270363904420605
b45cb7fb871d4322bfdbb52e6e8d1d38,42,2,history_selected,1000,feature,installments_last_3_avg_payment_delay_days,0.02380096711531199
b45cb7fb871d4322bfdbb52e6e8d1d38,42,3,history_selected,1000,feature,installments_last_3_avg_payment_delay_days,0.03700010577167452
b45cb7fb871d4322bfdbb52e6e8d1d38,42,4,history_selected,1000,feature,installments_last_3_avg_payment_delay_days,0.027155422645409644
b45cb7fb871d4322bfdbb52e6e8d1d38,42,5,history_selected,1000,feature,installments_last_3_avg_payment_delay_days,0.030098024326536042
b45cb7fb871d4322bfdbb52e6e8d1d38,42,1,history_selected,1000,feature,installments_last_3_late_payment_rate,0.037077109274616556
b45cb7fb871d4322bfdbb52e6e8d1d38,42,2,history_selected,1000,feature,installments_last_3_late_payment_rate,0.04277664830417879
b45cb7fb871d4322bfdbb52e6e8d1d38,42,3,history_selected,1000,feature,installments_last_3_late_payment_rate,0.0272792561649283
b45cb7fb871d4322bfdbb52e6e8d1d38,42,4,history_selected,1000,feature,installments_last_3_late_payment_rate,0.03225985181063605
b45cb7fb871d4322bfdbb52e6e8d1d38,42,5,history_selected,1000,feature,installments_last_3_late_payment_rate,0.034482777611075204
b45cb7fb871d4322bfdbb52e6e8d1d38,42,1,history_selected,1000,feature,installments_last_3_payment_amount_ratio,0.00023222074658322362
b45cb7fb871d4322bfdbb52e6e8d1d38,42,2,history_selected,1000,feature,installments_last_3_payment_amount_ratio,0.0
b45cb7fb871d4322bfdbb52e6e8d1d38,42,3,history_selected,1000,feature,installments_last_3_payment_amount_ratio,0.0
b45cb7fb871d4322bfdbb52e6e8d1d38,42,4,history_selected,1000,feature,installments_last_3_payment_amount_ratio,0.0
b45cb7fb871d4322bfdbb52e6e8d1d38,42,5,history_selected,1000,feature,installments_last_3_payment_amount_ratio,0.0
b45cb7fb871d4322bfdbb52e6e8d1d38,42,1,history_selected,1000,feature,installments_last_3_underpayment_rate,0.0
b45cb7fb871d4322bfdbb52e6e8d1d38,42,2,history_selected,1000,feature,installments_last_3_underpayment_rate,0.0002489982407236586
b45cb7fb871d4322bfdbb52e6e8d1d38,42,3,history_selected,1000,feature,installments_last_3_underpayment_rate,0.0
b45cb7fb871d4322bfdbb52e6e8d1d38,42,4,history_selected,1000,feature,installments_last_3_underpayment_rate,4.3336850475981205e-05
b45cb7fb871d4322bfdbb52e6e8d1d38,42,5,history_selected,1000,feature,installments_last_3_underpayment_rate,0.0003322119775879576
b45cb7fb871d4322bfdbb52e6e8d1d38,42,1,history_selected,1000,feature,installments_last_payment_delay_days,7.340407555214144e-05
b45cb7fb871d4322bfdbb52e6e8d1d38,42,2,history_selected,1000,feature,installments_last_payment_delay_days,0.0002604294214666063
b45cb7fb871d4322bfdbb52e6e8d1d38,42,3,history_selected,1000,feature,installments_last_payment_delay_days,0.0009881868598066062
b45cb7fb871d4322bfdbb52e6e8d1d38,42,4,history_selected,1000,feature,installments_last_payment_delay_days,0.0002938911116434697
b45cb7fb871d4322bfdbb52e6e8d1d38,42,5,history_selected,1000,feature,installments_last_payment_delay_days,0.00037898290051701354
b45cb7fb871d4322bfdbb52e6e8d1d38,42,1,history_selected,1000,feature,installments_last_payment_ratio,5.430448725239276e-05
b45cb7fb871d4322bfdbb52e6e8d1d38,42,2,history_selected,1000,feature,installments_last_payment_ratio,0.0
b45cb7fb871d4322bfdbb52e6e8d1d38,42,3,history_selected,1000,feature,installments_last_payment_ratio,0.0
b45cb7fb871d4322bfdbb52e6e8d1d38,42,4,history_selected,1000,feature,installments_last_payment_ratio,2.1395291799242275e-05
b45cb7fb871d4322bfdbb52e6e8d1d38,42,5,history_selected,1000,feature,installments_last_payment_ratio,0.0
b45cb7fb871d4322bfdbb52e6e8d1d38,42,1,history_selected,1000,feature,late_payment_count,0.04353136880209597
b45cb7fb871d4322bfdbb52e6e8d1d38,42,2,history_selected,1000,feature,late_payment_count,0.023283401960719634
b45cb7fb871d4322bfdbb52e6e8d1d38,42,3,history_selected,1000,feature,late_payment_count,0.03913885405639378
b45cb7fb871d4322bfdbb52e6e8d1d38,42,4,history_selected,1000,feature,late_payment_count,0.05026252458168303
b45cb7fb871d4322bfdbb52e6e8d1d38,42,5,history_selected,1000,feature,late_payment_count,0.03703194050737003
b45cb7fb871d4322bfdbb52e6e8d1d38,42,1,history_selected,1000,feature,latest_days_credit,0.02960543449210503
b45cb7fb871d4322bfdbb52e6e8d1d38,42,2,history_selected,1000,feature,latest_days_credit,0.02699997690916554
b45cb7fb871d4322bfdbb52e6e8d1d38,42,3,history_selected,1000,feature,latest_days_credit,0.03130312092481359
b45cb7fb871d4322bfdbb52e6e8d1d38,42,4,history_selected,1000,feature,latest_days_credit,0.03106500213945416
b45cb7fb871d4322bfdbb52e6e8d1d38,42,5,history_selected,1000,feature,latest_days_credit,0.03141766328298976
b45cb7fb871d4322bfdbb52e6e8d1d38,42,1,history_selected,1000,feature,latest_days_decision,0.003080072625444496
b45cb7fb871d4322bfdbb52e6e8d1d38,42,2,history_selected,1000,feature,latest_days_decision,0.0027261159290291877
b45cb7fb871d4322bfdbb52e6e8d1d38,42,3,history_selected,1000,feature,latest_days_decision,0.004989322154369064
b45cb7fb871d4322bfdbb52e6e8d1d38,42,4,history_selected,1000,feature,latest_days_decision,0.0036099512911441024
b45cb7fb871d4322bfdbb52e6e8d1d38,42,5,history_selected,1000,feature,latest_days_decision,0.007101752210576524
b45cb7fb871d4322bfdbb52e6e8d1d38,42,1,history_selected,1000,feature,max_credit_day_overdue,0.0001679791243201489
b45cb7fb871d4322bfdbb52e6e8d1d38,42,2,history_selected,1000,feature,max_credit_day_overdue,0.0
b45cb7fb871d4322bfdbb52e6e8d1d38,42,3,history_selected,1000,feature,max_credit_day_overdue,0.0
b45cb7fb871d4322bfdbb52e6e8d1d38,42,4,history_selected,1000,feature,max_credit_day_overdue,0.0
b45cb7fb871d4322bfdbb52e6e8d1d38,42,5,history_selected,1000,feature,max_credit_day_overdue,0.00011899339569498928
b45cb7fb871d4322bfdbb52e6e8d1d38,42,1,history_selected,1000,feature,max_payment_delay_days,0.041936457034818325
b45cb7fb871d4322bfdbb52e6e8d1d38,42,2,history_selected,1000,feature,max_payment_delay_days,0.06765301049406479
b45cb7fb871d4322bfdbb52e6e8d1d38,42,3,history_selected,1000,feature,max_payment_delay_days,0.04916635121689872
b45cb7fb871d4322bfdbb52e6e8d1d38,42,4,history_selected,1000,feature,max_payment_delay_days,0.04023200825298046
b45cb7fb871d4322bfdbb52e6e8d1d38,42,5,history_selected,1000,feature,max_payment_delay_days,0.06821422323937867
b45cb7fb871d4322bfdbb52e6e8d1d38,42,1,history_selected,1000,feature,overdue_credit_count,0.0
b45cb7fb871d4322bfdbb52e6e8d1d38,42,2,history_selected,1000,feature,overdue_credit_count,0.0
b45cb7fb871d4322bfdbb52e6e8d1d38,42,3,history_selected,1000,feature,overdue_credit_count,0.0
b45cb7fb871d4322bfdbb52e6e8d1d38,42,4,history_selected,1000,feature,overdue_credit_count,0.0
b45cb7fb871d4322bfdbb52e6e8d1d38,42,5,history_selected,1000,feature,overdue_credit_count,0.0
b45cb7fb871d4322bfdbb52e6e8d1d38,42,1,history_selected,1000,feature,payment_amount_ratio,0.0007717836938167403
b45cb7fb871d4322bfdbb52e6e8d1d38,42,2,history_selected,1000,feature,payment_amount_ratio,0.0008206896651602862
b45cb7fb871d4322bfdbb52e6e8d1d38,42,3,history_selected,1000,feature,payment_amount_ratio,0.00035387535724210463
b45cb7fb871d4322bfdbb52e6e8d1d38,42,4,history_selected,1000,feature,payment_amount_ratio,0.0005367302132893722
b45cb7fb871d4322bfdbb52e6e8d1d38,42,5,history_selected,1000,feature,payment_amount_ratio,0.0011522419106968196
b45cb7fb871d4322bfdbb52e6e8d1d38,42,1,history_selected,1000,feature,payment_shortfall_ratio,0.0006615398839579949
b45cb7fb871d4322bfdbb52e6e8d1d38,42,2,history_selected,1000,feature,payment_shortfall_ratio,0.0005871609200117257
b45cb7fb871d4322bfdbb52e6e8d1d38,42,3,history_selected,1000,feature,payment_shortfall_ratio,0.0015147613651401806
b45cb7fb871d4322bfdbb52e6e8d1d38,42,4,history_selected,1000,feature,payment_shortfall_ratio,0.0004069956305168524
b45cb7fb871d4322bfdbb52e6e8d1d38,42,5,history_selected,1000,feature,payment_shortfall_ratio,0.0007344434023924076
b45cb7fb871d4322bfdbb52e6e8d1d38,42,1,history_selected,1000,feature,pos_cash_active_month_count,0.016634479935343564
b45cb7fb871d4322bfdbb52e6e8d1d38,42,2,history_selected,1000,feature,pos_cash_active_month_count,0.015270285308938845
b45cb7fb871d4322bfdbb52e6e8d1d38,42,3,history_selected,1000,feature,pos_cash_active_month_count,0.021225327923671336
b45cb7fb871d4322bfdbb52e6e8d1d38,42,4,history_selected,1000,feature,pos_cash_active_month_count,0.01565535761172231
b45cb7fb871d4322bfdbb52e6e8d1d38,42,5,history_selected,1000,feature,pos_cash_active_month_count,0.016200135489372755
b45cb7fb871d4322bfdbb52e6e8d1d38,42,1,history_selected,1000,feature,pos_cash_avg_dpd,0.0010486506731921014
b45cb7fb871d4322bfdbb52e6e8d1d38,42,2,history_selected,1000,feature,pos_cash_avg_dpd,0.00011670730837966423
b45cb7fb871d4322bfdbb52e6e8d1d38,42,3,history_selected,1000,feature,pos_cash_avg_dpd,0.0011859416642492483
b45cb7fb871d4322bfdbb52e6e8d1d38,42,4,history_selected,1000,feature,pos_cash_avg_dpd,0.0005278073296176222
b45cb7fb871d4322bfdbb52e6e8d1d38,42,5,history_selected,1000,feature,pos_cash_avg_dpd,0.001863278852339289
b45cb7fb871d4322bfdbb52e6e8d1d38,42,1,history_selected,1000,feature,pos_cash_avg_dpd_def,0.008240813318924548
b45cb7fb871d4322bfdbb52e6e8d1d38,42,2,history_selected,1000,feature,pos_cash_avg_dpd_def,0.0054091892517808115
b45cb7fb871d4322bfdbb52e6e8d1d38,42,3,history_selected,1000,feature,pos_cash_avg_dpd_def,0.009853795905455555
b45cb7fb871d4322bfdbb52e6e8d1d38,42,4,history_selected,1000,feature,pos_cash_avg_dpd_def,0.009275763574542368
b45cb7fb871d4322bfdbb52e6e8d1d38,42,5,history_selected,1000,feature,pos_cash_avg_dpd_def,0.00916874806888363
b45cb7fb871d4322bfdbb52e6e8d1d38,42,1,history_selected,1000,feature,pos_cash_avg_future_installments,0.07915144883907109
b45cb7fb871d4322bfdbb52e6e8d1d38,42,2,history_selected,1000,feature,pos_cash_avg_future_installments,0.06742911236560946
b45cb7fb871d4322bfdbb52e6e8d1d38,42,3,history_selected,1000,feature,pos_cash_avg_future_installments,0.08070624396120564
b45cb7fb871d4322bfdbb52e6e8d1d38,42,4,history_selected,1000,feature,pos_cash_avg_future_installments,0.07476094784743441
b45cb7fb871d4322bfdbb52e6e8d1d38,42,5,history_selected,1000,feature,pos_cash_avg_future_installments,0.08130200440013562
b45cb7fb871d4322bfdbb52e6e8d1d38,42,1,history_selected,1000,feature,pos_cash_avg_instalment_count,0.006178958126887472
b45cb7fb871d4322bfdbb52e6e8d1d38,42,2,history_selected,1000,feature,pos_cash_avg_instalment_count,0.004777927243598742
b45cb7fb871d4322bfdbb52e6e8d1d38,42,3,history_selected,1000,feature,pos_cash_avg_instalment_count,0.007556587186699696
b45cb7fb871d4322bfdbb52e6e8d1d38,42,4,history_selected,1000,feature,pos_cash_avg_instalment_count,0.007843040449220564
b45cb7fb871d4322bfdbb52e6e8d1d38,42,5,history_selected,1000,feature,pos_cash_avg_instalment_count,0.014281017276111032
b45cb7fb871d4322bfdbb52e6e8d1d38,42,1,history_selected,1000,feature,pos_cash_completed_month_count,0.0007193048706300876
b45cb7fb871d4322bfdbb52e6e8d1d38,42,2,history_selected,1000,feature,pos_cash_completed_month_count,0.001116682690691781
b45cb7fb871d4322bfdbb52e6e8d1d38,42,3,history_selected,1000,feature,pos_cash_completed_month_count,0.0010958862325811164
b45cb7fb871d4322bfdbb52e6e8d1d38,42,4,history_selected,1000,feature,pos_cash_completed_month_count,0.0008313514914682951
b45cb7fb871d4322bfdbb52e6e8d1d38,42,5,history_selected,1000,feature,pos_cash_completed_month_count,0.001738244746899816
b45cb7fb871d4322bfdbb52e6e8d1d38,42,1,history_selected,1000,feature,pos_cash_completed_month_rate,0.006051303910515572
b45cb7fb871d4322bfdbb52e6e8d1d38,42,2,history_selected,1000,feature,pos_cash_completed_month_rate,0.003574197710502292
b45cb7fb871d4322bfdbb52e6e8d1d38,42,3,history_selected,1000,feature,pos_cash_completed_month_rate,0.0065790508449872255
b45cb7fb871d4322bfdbb52e6e8d1d38,42,4,history_selected,1000,feature,pos_cash_completed_month_rate,0.0035089915285888003
b45cb7fb871d4322bfdbb52e6e8d1d38,42,5,history_selected,1000,feature,pos_cash_completed_month_rate,0.007162746964858823
b45cb7fb871d4322bfdbb52e6e8d1d38,42,1,history_selected,1000,feature,pos_cash_contract_count,0.006884871017337889
b45cb7fb871d4322bfdbb52e6e8d1d38,42,2,history_selected,1000,feature,pos_cash_contract_count,0.006038441879369282
b45cb7fb871d4322bfdbb52e6e8d1d38,42,3,history_selected,1000,feature,pos_cash_contract_count,0.0052497357448841485
b45cb7fb871d4322bfdbb52e6e8d1d38,42,4,history_selected,1000,feature,pos_cash_contract_count,0.012711272924111604
b45cb7fb871d4322bfdbb52e6e8d1d38,42,5,history_selected,1000,feature,pos_cash_contract_count,0.0032033028528388914
b45cb7fb871d4322bfdbb52e6e8d1d38,42,1,history_selected,1000,feature,pos_cash_dpd_def_month_count,0.0001300319190366403
b45cb7fb871d4322bfdbb52e6e8d1d38,42,2,history_selected,1000,feature,pos_cash_dpd_def_month_count,0.0
b45cb7fb871d4322bfdbb52e6e8d1d38,42,3,history_selected,1000,feature,pos_cash_dpd_def_month_count,0.0001397069301806002
b45cb7fb871d4322bfdbb52e6e8d1d38,42,4,history_selected,1000,feature,pos_cash_dpd_def_month_count,0.0004976295854343395
b45cb7fb871d4322bfdbb52e6e8d1d38,42,5,history_selected,1000,feature,pos_cash_dpd_def_month_count,0.0002211541039945338
b45cb7fb871d4322bfdbb52e6e8d1d38,42,1,history_selected,1000,feature,pos_cash_dpd_def_month_rate,0.0005585346891031599
b45cb7fb871d4322bfdbb52e6e8d1d38,42,2,history_selected,1000,feature,pos_cash_dpd_def_month_rate,0.0023334076971358027
b45cb7fb871d4322bfdbb52e6e8d1d38,42,3,history_selected,1000,feature,pos_cash_dpd_def_month_rate,0.0007819458083280868
b45cb7fb871d4322bfdbb52e6e8d1d38,42,4,history_selected,1000,feature,pos_cash_dpd_def_month_rate,0.0008079647813070831
b45cb7fb871d4322bfdbb52e6e8d1d38,42,5,history_selected,1000,feature,pos_cash_dpd_def_month_rate,0.002094518755835291
b45cb7fb871d4322bfdbb52e6e8d1d38,42,1,history_selected,1000,feature,pos_cash_dpd_month_count,0.0010089775138602914
b45cb7fb871d4322bfdbb52e6e8d1d38,42,2,history_selected,1000,feature,pos_cash_dpd_month_count,5.345516626897041e-05
b45cb7fb871d4322bfdbb52e6e8d1d38,42,3,history_selected,1000,feature,pos_cash_dpd_month_count,0.0003497633576954991
b45cb7fb871d4322bfdbb52e6e8d1d38,42,4,history_selected,1000,feature,pos_cash_dpd_month_count,0.00020028695975874615
b45cb7fb871d4322bfdbb52e6e8d1d38,42,5,history_selected,1000,feature,pos_cash_dpd_month_count,0.00037330598521759017
b45cb7fb871d4322bfdbb52e6e8d1d38,42,1,history_selected,1000,feature,pos_cash_dpd_month_rate,0.0003282285726678463
b45cb7fb871d4322bfdbb52e6e8d1d38,42,2,history_selected,1000,feature,pos_cash_dpd_month_rate,0.0008271937185423228
b45cb7fb871d4322bfdbb52e6e8d1d38,42,3,history_selected,1000,feature,pos_cash_dpd_month_rate,0.0008016188771837203
b45cb7fb871d4322bfdbb52e6e8d1d38,42,4,history_selected,1000,feature,pos_cash_dpd_month_rate,0.00010657190948986216
b45cb7fb871d4322bfdbb52e6e8d1d38,42,5,history_selected,1000,feature,pos_cash_dpd_month_rate,0.002168088980452447
b45cb7fb871d4322bfdbb52e6e8d1d38,42,1,history_selected,1000,feature,pos_cash_earliest_month,0.008840560883144721
b45cb7fb871d4322bfdbb52e6e8d1d38,42,2,history_selected,1000,feature,pos_cash_earliest_month,0.019029032491471337
b45cb7fb871d4322bfdbb52e6e8d1d38,42,3,history_selected,1000,feature,pos_cash_earliest_month,0.013973244060944318
b45cb7fb871d4322bfdbb52e6e8d1d38,42,4,history_selected,1000,feature,pos_cash_earliest_month,0.014889314189982105
b45cb7fb871d4322bfdbb52e6e8d1d38,42,5,history_selected,1000,feature,pos_cash_earliest_month,0.022627462009621666
b45cb7fb871d4322bfdbb52e6e8d1d38,42,1,history_selected,1000,feature,pos_cash_last_3_dpd_def_rate,0.0
b45cb7fb871d4322bfdbb52e6e8d1d38,42,2,history_selected,1000,feature,pos_cash_last_3_dpd_def_rate,0.0021182737633991333
b45cb7fb871d4322bfdbb52e6e8d1d38,42,3,history_selected,1000,feature,pos_cash_last_3_dpd_def_rate,0.00042084145547218317
b45cb7fb871d4322bfdbb52e6e8d1d38,42,4,history_selected,1000,feature,pos_cash_last_3_dpd_def_rate,0.00040001799895477834
b45cb7fb871d4322bfdbb52e6e8d1d38,42,5,history_selected,1000,feature,pos_cash_last_3_dpd_def_rate,0.0007228889647890919
b45cb7fb871d4322bfdbb52e6e8d1d38,42,1,history_selected,1000,feature,pos_cash_last_3_dpd_rate,0.0
b45cb7fb871d4322bfdbb52e6e8d1d38,42,2,history_selected,1000,feature,pos_cash_last_3_dpd_rate,0.0
b45cb7fb871d4322bfdbb52e6e8d1d38,42,3,history_selected,1000,feature,pos_cash_last_3_dpd_rate,0.0011278485677765821
b45cb7fb871d4322bfdbb52e6e8d1d38,42,4,history_selected,1000,feature,pos_cash_last_3_dpd_rate,0.00014279018988802366
b45cb7fb871d4322bfdbb52e6e8d1d38,42,5,history_selected,1000,feature,pos_cash_last_3_dpd_rate,0.00045222899209350484
b45cb7fb871d4322bfdbb52e6e8d1d38,42,1,history_selected,1000,feature,pos_cash_last_3_dpd_rate_delta,0.0005678374314800895
b45cb7fb871d4322bfdbb52e6e8d1d38,42,2,history_selected,1000,feature,pos_cash_last_3_dpd_rate_delta,0.00020862805138686843
b45cb7fb871d4322bfdbb52e6e8d1d38,42,3,history_selected,1000,feature,pos_cash_last_3_dpd_rate_delta,0.000847386142399268
b45cb7fb871d4322bfdbb52e6e8d1d38,42,4,history_selected,1000,feature,pos_cash_last_3_dpd_rate_delta,0.0005804241771724747
b45cb7fb871d4322bfdbb52e6e8d1d38,42,5,history_selected,1000,feature,pos_cash_last_3_dpd_rate_delta,0.002107049759827197
b45cb7fb871d4322bfdbb52e6e8d1d38,42,1,history_selected,1000,feature,pos_cash_last_3_future_installment_ratio,0.07512927276932871
b45cb7fb871d4322bfdbb52e6e8d1d38,42,2,history_selected,1000,feature,pos_cash_last_3_future_installment_ratio,0.07070969515804336
b45cb7fb871d4322bfdbb52e6e8d1d38,42,3,history_selected,1000,feature,pos_cash_last_3_future_installment_ratio,0.08318204216205588
b45cb7fb871d4322bfdbb52e6e8d1d38,42,4,history_selected,1000,feature,pos_cash_last_3_future_installment_ratio,0.07153417724727072
b45cb7fb871d4322bfdbb52e6e8d1d38,42,5,history_selected,1000,feature,pos_cash_last_3_future_installment_ratio,0.06887050353922437
b45cb7fb871d4322bfdbb52e6e8d1d38,42,1,history_selected,1000,feature,pos_cash_last_loan_dpd_rate,0.011843165283509415
b45cb7fb871d4322bfdbb52e6e8d1d38,42,2,history_selected,1000,feature,pos_cash_last_loan_dpd_rate,0.01660895790840493
b45cb7fb871d4322bfdbb52e6e8d1d38,42,3,history_selected,1000,feature,pos_cash_last_loan_dpd_rate,0.011440334912558985
b45cb7fb871d4322bfdbb52e6e8d1d38,42,4,history_selected,1000,feature,pos_cash_last_loan_dpd_rate,0.013783588440499843
b45cb7fb871d4322bfdbb52e6e8d1d38,42,5,history_selected,1000,feature,pos_cash_last_loan_dpd_rate,0.013468089692464442
b45cb7fb871d4322bfdbb52e6e8d1d38,42,1,history_selected,1000,feature,pos_cash_latest_month,0.03046726195584122
b45cb7fb871d4322bfdbb52e6e8d1d38,42,2,history_selected,1000,feature,pos_cash_latest_month,0.024285925750658046
b45cb7fb871d4322bfdbb52e6e8d1d38,42,3,history_selected,1000,feature,pos_cash_latest_month,0.029373723321920273
b45cb7fb871d4322bfdbb52e6e8d1d38,42,4,history_selected,1000,feature,pos_cash_latest_month,0.03602475879595662
b45cb7fb871d4322bfdbb52e6e8d1d38,42,5,history_selected,1000,feature,pos_cash_latest_month,0.041650908301477683
b45cb7fb871d4322bfdbb52e6e8d1d38,42,1,history_selected,1000,feature,pos_cash_max_dpd,0.0009667029471787668
b45cb7fb871d4322bfdbb52e6e8d1d38,42,2,history_selected,1000,feature,pos_cash_max_dpd,0.00033166276189411495
b45cb7fb871d4322bfdbb52e6e8d1d38,42,3,history_selected,1000,feature,pos_cash_max_dpd,0.0003623719828505222
b45cb7fb871d4322bfdbb52e6e8d1d38,42,4,history_selected,1000,feature,pos_cash_max_dpd,0.0003632255026687549
b45cb7fb871d4322bfdbb52e6e8d1d38,42,5,history_selected,1000,feature,pos_cash_max_dpd,0.0009510228377776135
b45cb7fb871d4322bfdbb52e6e8d1d38,42,1,history_selected,1000,feature,pos_cash_max_dpd_def,0.003945149629919279
b45cb7fb871d4322bfdbb52e6e8d1d38,42,2,history_selected,1000,feature,pos_cash_max_dpd_def,0.0043569136685482224
b45cb7fb871d4322bfdbb52e6e8d1d38,42,3,history_selected,1000,feature,pos_cash_max_dpd_def,0.003987853947150279
b45cb7fb871d4322bfdbb52e6e8d1d38,42,4,history_selected,1000,feature,pos_cash_max_dpd_def,0.006090470868816571
b45cb7fb871d4322bfdbb52e6e8d1d38,42,5,history_selected,1000,feature,pos_cash_max_dpd_def,0.006303730835242368
b45cb7fb871d4322bfdbb52e6e8d1d38,42,1,history_selected,1000,feature,pos_cash_month_count,0.0117372000072712
b45cb7fb871d4322bfdbb52e6e8d1d38,42,2,history_selected,1000,feature,pos_cash_month_count,0.010393022680009266
b45cb7fb871d4322bfdbb52e6e8d1d38,42,3,history_selected,1000,feature,pos_cash_month_count,0.009515825660963647
b45cb7fb871d4322bfdbb52e6e8d1d38,42,4,history_selected,1000,feature,pos_cash_month_count,0.008221964218256427
b45cb7fb871d4322bfdbb52e6e8d1d38,42,5,history_selected,1000,feature,pos_cash_month_count,0.011047915765622722
b45cb7fb871d4322bfdbb52e6e8d1d38,42,1,history_selected,1000,feature,pos_cash_problem_status_month_count,0.00035390191793824
b45cb7fb871d4322bfdbb52e6e8d1d38,42,2,history_selected,1000,feature,pos_cash_problem_status_month_count,0.0047539007288228356
b45cb7fb871d4322bfdbb52e6e8d1d38,42,3,history_selected,1000,feature,pos_cash_problem_status_month_count,0.0034032476546430957
b45cb7fb871d4322bfdbb52e6e8d1d38,42,4,history_selected,1000,feature,pos_cash_problem_status_month_count,0.0008108067102280237
b45cb7fb871d4322bfdbb52e6e8d1d38,42,5,history_selected,1000,feature,pos_cash_problem_status_month_count,0.00030109066482739735
b45cb7fb871d4322bfdbb52e6e8d1d38,42,1,history_selected,1000,feature,pos_cash_recent_dpd_month_count,0.0019257717679563645
b45cb7fb871d4322bfdbb52e6e8d1d38,42,2,history_selected,1000,feature,pos_cash_recent_dpd_month_count,0.0007570494378833672
b45cb7fb871d4322bfdbb52e6e8d1d38,42,3,history_selected,1000,feature,pos_cash_recent_dpd_month_count,5.457030287357777e-05
b45cb7fb871d4322bfdbb52e6e8d1d38,42,4,history_selected,1000,feature,pos_cash_recent_dpd_month_count,0.0010925646905467687
b45cb7fb871d4322bfdbb52e6e8d1d38,42,5,history_selected,1000,feature,pos_cash_recent_dpd_month_count,0.0011521941765754782
b45cb7fb871d4322bfdbb52e6e8d1d38,42,1,history_selected,1000,feature,pos_cash_recent_dpd_month_rate,0.001995850184207403
b45cb7fb871d4322bfdbb52e6e8d1d38,42,2,history_selected,1000,feature,pos_cash_recent_dpd_month_rate,0.003146117090787216
b45cb7fb871d4322bfdbb52e6e8d1d38,42,3,history_selected,1000,feature,pos_cash_recent_dpd_month_rate,0.0019385844725284176
b45cb7fb871d4322bfdbb52e6e8d1d38,42,4,history_selected,1000,feature,pos_cash_recent_dpd_month_rate,0.0007541642594723073
b45cb7fb871d4322bfdbb52e6e8d1d38,42,5,history_selected,1000,feature,pos_cash_recent_dpd_month_rate,0.0036942580050641893
b45cb7fb871d4322bfdbb52e6e8d1d38,42,1,history_selected,1000,feature,pos_cash_recent_dpd_rate_delta,0.0020306064493182223
b45cb7fb871d4322bfdbb52e6e8d1d38,42,2,history_selected,1000,feature,pos_cash_recent_dpd_rate_delta,0.00207807674221525
b45cb7fb871d4322bfdbb52e6e8d1d38,42,3,history_selected,1000,feature,pos_cash_recent_dpd_rate_delta,0.0024430565455149113
b45cb7fb871d4322bfdbb52e6e8d1d38,42,4,history_selected,1000,feature,pos_cash_recent_dpd_rate_delta,0.0029119120432852517
b45cb7fb871d4322bfdbb52e6e8d1d38,42,5,history_selected,1000,feature,pos_cash_recent_dpd_rate_delta,0.002658390304338604
b45cb7fb871d4322bfdbb52e6e8d1d38,42,1,history_selected,1000,feature,pos_cash_recent_month_count,0.027836110806309614
b45cb7fb871d4322bfdbb52e6e8d1d38,42,2,history_selected,1000,feature,pos_cash_recent_month_count,0.024755389552534576
b45cb7fb871d4322bfdbb52e6e8d1d38,42,3,history_selected,1000,feature,pos_cash_recent_month_count,0.022630820011666795
b45cb7fb871d4322bfdbb52e6e8d1d38,42,4,history_selected,1000,feature,pos_cash_recent_month_count,0.01063136493661965
b45cb7fb871d4322bfdbb52e6e8d1d38,42,5,history_selected,1000,feature,pos_cash_recent_month_count,0.02368678425287485
b45cb7fb871d4322bfdbb52e6e8d1d38,42,1,history_selected,1000,feature,pos_cash_remaining_installment_ratio_delta,0.01002197065116392
b45cb7fb871d4322bfdbb52e6e8d1d38,42,2,history_selected,1000,feature,pos_cash_remaining_installment_ratio_delta,0.005912969985226096
b45cb7fb871d4322bfdbb52e6e8d1d38,42,3,history_selected,1000,feature,pos_cash_remaining_installment_ratio_delta,0.009755328391285453
b45cb7fb871d4322bfdbb52e6e8d1d38,42,4,history_selected,1000,feature,pos_cash_remaining_installment_ratio_delta,0.011669427807919876
b45cb7fb871d4322bfdbb52e6e8d1d38,42,5,history_selected,1000,feature,pos_cash_remaining_installment_ratio_delta,0.00852708779955775
b45cb7fb871d4322bfdbb52e6e8d1d38,42,1,history_selected,1000,feature,previous_application_count,0.0016519718292843726
b45cb7fb871d4322bfdbb52e6e8d1d38,42,2,history_selected,1000,feature,previous_application_count,0.0006504037562235702
b45cb7fb871d4322bfdbb52e6e8d1d38,42,3,history_selected,1000,feature,previous_application_count,0.002336609347016446
b45cb7fb871d4322bfdbb52e6e8d1d38,42,4,history_selected,1000,feature,previous_application_count,0.0021779904031853474
b45cb7fb871d4322bfdbb52e6e8d1d38,42,5,history_selected,1000,feature,previous_application_count,0.010948971419888704
b45cb7fb871d4322bfdbb52e6e8d1d38,42,1,history_selected,1000,feature,refusal_rate,0.04843451324566526
b45cb7fb871d4322bfdbb52e6e8d1d38,42,2,history_selected,1000,feature,refusal_rate,0.06491236927345308
b45cb7fb871d4322bfdbb52e6e8d1d38,42,3,history_selected,1000,feature,refusal_rate,0.06199183055117775
b45cb7fb871d4322bfdbb52e6e8d1d38,42,4,history_selected,1000,feature,refusal_rate,0.06324673617937186
b45cb7fb871d4322bfdbb52e6e8d1d38,42,5,history_selected,1000,feature,refusal_rate,0.038046376320343196
b45cb7fb871d4322bfdbb52e6e8d1d38,42,1,history_selected,1000,feature,refused_application_count,0.007076642730476856
b45cb7fb871d4322bfdbb52e6e8d1d38,42,2,history_selected,1000,feature,refused_application_count,0.0028138841148103084
b45cb7fb871d4322bfdbb52e6e8d1d38,42,3,history_selected,1000,feature,refused_application_count,0.0075814596062433945
b45cb7fb871d4322bfdbb52e6e8d1d38,42,4,history_selected,1000,feature,refused_application_count,0.006480654484676095
b45cb7fb871d4322bfdbb52e6e8d1d38,42,5,history_selected,1000,feature,refused_application_count,0.01924256285370767
b45cb7fb871d4322bfdbb52e6e8d1d38,42,1,history_selected,1000,feature,total_credit_debt,0.0468326082366773
b45cb7fb871d4322bfdbb52e6e8d1d38,42,2,history_selected,1000,feature,total_credit_debt,0.031098726622367866
b45cb7fb871d4322bfdbb52e6e8d1d38,42,3,history_selected,1000,feature,total_credit_debt,0.029259552234693634
b45cb7fb871d4322bfdbb52e6e8d1d38,42,4,history_selected,1000,feature,total_credit_debt,0.02719628597419585
b45cb7fb871d4322bfdbb52e6e8d1d38,42,5,history_selected,1000,feature,total_credit_debt,0.027583050041233816
b45cb7fb871d4322bfdbb52e6e8d1d38,42,1,history_selected,1000,feature,total_credit_limit,0.010649964021651253
b45cb7fb871d4322bfdbb52e6e8d1d38,42,2,history_selected,1000,feature,total_credit_limit,0.008215502975702338
b45cb7fb871d4322bfdbb52e6e8d1d38,42,3,history_selected,1000,feature,total_credit_limit,0.008588509136931894
b45cb7fb871d4322bfdbb52e6e8d1d38,42,4,history_selected,1000,feature,total_credit_limit,0.005916005190944404
b45cb7fb871d4322bfdbb52e6e8d1d38,42,5,history_selected,1000,feature,total_credit_limit,0.02001423259747241
b45cb7fb871d4322bfdbb52e6e8d1d38,42,1,history_selected,1000,feature,total_credit_overdue,0.001904296765415111
b45cb7fb871d4322bfdbb52e6e8d1d38,42,2,history_selected,1000,feature,total_credit_overdue,0.0016740572764894987
b45cb7fb871d4322bfdbb52e6e8d1d38,42,3,history_selected,1000,feature,total_credit_overdue,0.001054790224995645
b45cb7fb871d4322bfdbb52e6e8d1d38,42,4,history_selected,1000,feature,total_credit_overdue,0.001392595456764143
b45cb7fb871d4322bfdbb52e6e8d1d38,42,5,history_selected,1000,feature,total_credit_overdue,0.0019526723061903295
b45cb7fb871d4322bfdbb52e6e8d1d38,42,1,history_selected,1000,feature,total_credit_sum,0.012846776478151469
b45cb7fb871d4322bfdbb52e6e8d1d38,42,2,history_selected,1000,feature,total_credit_sum,0.015607076235839113
b45cb7fb871d4322bfdbb52e6e8d1d38,42,3,history_selected,1000,feature,total_credit_sum,0.017133583101987794
b45cb7fb871d4322bfdbb52e6e8d1d38,42,4,history_selected,1000,feature,total_credit_sum,0.011899391708714948
b45cb7fb871d4322bfdbb52e6e8d1d38,42,5,history_selected,1000,feature,total_credit_sum,0.015999661249691217
b45cb7fb871d4322bfdbb52e6e8d1d38,42,1,history_selected,1000,feature,total_instalment_amount,0.05200071097847994
b45cb7fb871d4322bfdbb52e6e8d1d38,42,2,history_selected,1000,feature,total_instalment_amount,0.04339948321193018
b45cb7fb871d4322bfdbb52e6e8d1d38,42,3,history_selected,1000,feature,total_instalment_amount,0.04739367213369088
b45cb7fb871d4322bfdbb52e6e8d1d38,42,4,history_selected,1000,feature,total_instalment_amount,0.03956257676861217
b45cb7fb871d4322bfdbb52e6e8d1d38,42,5,history_selected,1000,feature,total_instalment_amount,0.041698780104094176
b45cb7fb871d4322bfdbb52e6e8d1d38,42,1,history_selected,1000,feature,total_payment_amount,0.04260091215159146
b45cb7fb871d4322bfdbb52e6e8d1d38,42,2,history_selected,1000,feature,total_payment_amount,0.036396255844230875
b45cb7fb871d4322bfdbb52e6e8d1d38,42,3,history_selected,1000,feature,total_payment_amount,0.04829621300584169
b45cb7fb871d4322bfdbb52e6e8d1d38,42,4,history_selected,1000,feature,total_payment_amount,0.04484381125469875
b45cb7fb871d4322bfdbb52e6e8d1d38,42,5,history_selected,1000,feature,total_payment_amount,0.028674545224111468
b45cb7fb871d4322bfdbb52e6e8d1d38,42,1,history_selected,1000,feature,total_previous_credit_amount,0.005325784660364622
b45cb7fb871d4322bfdbb52e6e8d1d38,42,2,history_selected,1000,feature,total_previous_credit_amount,0.004519771880403796
b45cb7fb871d4322bfdbb52e6e8d1d38,42,3,history_selected,1000,feature,total_previous_credit_amount,0.005596010510909994
b45cb7fb871d4322bfdbb52e6e8d1d38,42,4,history_selected,1000,feature,total_previous_credit_amount,0.004058960773590271
b45cb7fb871d4322bfdbb52e6e8d1d38,42,5,history_selected,1000,feature,total_previous_credit_amount,0.008605837599879474
b45cb7fb871d4322bfdbb52e6e8d1d38,42,1,history_selected,1000,feature,underpayment_count,0.0008419521459922398
b45cb7fb871d4322bfdbb52e6e8d1d38,42,2,history_selected,1000,feature,underpayment_count,0.0007584825182801503
b45cb7fb871d4322bfdbb52e6e8d1d38,42,3,history_selected,1000,feature,underpayment_count,0.0003182011255688201
b45cb7fb871d4322bfdbb52e6e8d1d38,42,4,history_selected,1000,feature,underpayment_count,0.0006702375173201814
b45cb7fb871d4322bfdbb52e6e8d1d38,42,5,history_selected,1000,feature,underpayment_count,0.0024204942248102607
b45cb7fb871d4322bfdbb52e6e8d1d38,42,1,history_selected,1000,source_group,application,0.8006812438061347
b45cb7fb871d4322bfdbb52e6e8d1d38,42,2,history_selected,1000,source_group,application,0.6738501276485762
b45cb7fb871d4322bfdbb52e6e8d1d38,42,3,history_selected,1000,source_group,application,0.81450325757529
b45cb7fb871d4322bfdbb52e6e8d1d38,42,4,history_selected,1000,source_group,application,0.74395815442958
b45cb7fb871d4322bfdbb52e6e8d1d38,42,5,history_selected,1000,source_group,application,0.8708986918522637
b45cb7fb871d4322bfdbb52e6e8d1d38,42,1,history_selected,1000,source_group,bureau,0.2544190933804953
b45cb7fb871d4322bfdbb52e6e8d1d38,42,2,history_selected,1000,source_group,bureau,0.21313494068359187
b45cb7fb871d4322bfdbb52e6e8d1d38,42,3,history_selected,1000,source_group,bureau,0.23372474272010016
b45cb7fb871d4322bfdbb52e6e8d1d38,42,4,history_selected,1000,source_group,bureau,0.2388115651847421
b45cb7fb871d4322bfdbb52e6e8d1d38,42,5,history_selected,1000,source_group,bureau,0.2817979685466774
b45cb7fb871d4322bfdbb52e6e8d1d38,42,1,history_selected,1000,source_group,credit_card,0.1334190247596956
b45cb7fb871d4322bfdbb52e6e8d1d38,42,2,history_selected,1000,source_group,credit_card,0.11388141330097426
b45cb7fb871d4322bfdbb52e6e8d1d38,42,3,history_selected,1000,source_group,credit_card,0.12335098908858491
b45cb7fb871d4322bfdbb52e6e8d1d38,42,4,history_selected,1000,source_group,credit_card,0.12635752829746666
b45cb7fb871d4322bfdbb52e6e8d1d38,42,5,history_selected,1000,source_group,credit_card,0.15767807877213255
b45cb7fb871d4322bfdbb52e6e8d1d38,42,1,history_selected,1000,source_group,cross_source,0.09484846853442293
b45cb7fb871d4322bfdbb52e6e8d1d38,42,2,history_selected,1000,source_group,cross_source,0.09181629140089392
b45cb7fb871d4322bfdbb52e6e8d1d38,42,3,history_selected,1000,source_group,cross_source,0.10081402558801145
b45cb7fb871d4322bfdbb52e6e8d1d38,42,4,history_selected,1000,source_group,cross_source,0.10713266179112377
b45cb7fb871d4322bfdbb52e6e8d1d38,42,5,history_selected,1000,source_group,cross_source,0.07915650296267766
b45cb7fb871d4322bfdbb52e6e8d1d38,42,1,history_selected,1000,source_group,external_scores,0.63530645344341
b45cb7fb871d4322bfdbb52e6e8d1d38,42,2,history_selected,1000,source_group,external_scores,0.6762425804885842
b45cb7fb871d4322bfdbb52e6e8d1d38,42,3,history_selected,1000,source_group,external_scores,0.6538408131360313
b45cb7fb871d4322bfdbb52e6e8d1d38,42,4,history_selected,1000,source_group,external_scores,0.6225705175342597
b45cb7fb871d4322bfdbb52e6e8d1d38,42,5,history_selected,1000,source_group,external_scores,0.6364101114596854
b45cb7fb871d4322bfdbb52e6e8d1d38,42,1,history_selected,1000,source_group,installments,0.3254487727598155
b45cb7fb871d4322bfdbb52e6e8d1d38,42,2,history_selected,1000,source_group,installments,0.3202235952058942
b45cb7fb871d4322bfdbb52e6e8d1d38,42,3,history_selected,1000,source_group,installments,0.3345177201342346
b45cb7fb871d4322bfdbb52e6e8d1d38,42,4,history_selected,1000,source_group,installments,0.3195389308542228
b45cb7fb871d4322bfdbb52e6e8d1d38,42,5,history_selected,1000,source_group,installments,0.3527051849762565
b45cb7fb871d4322bfdbb52e6e8d1d38,42,1,history_selected,1000,source_group,pos_cash,0.3145969660711374
b45cb7fb871d4322bfdbb52e6e8d1d38,42,2,history_selected,1000,source_group,pos_cash,0.2963922161121026
b45cb7fb871d4322bfdbb52e6e8d1d38,42,3,history_selected,1000,source_group,pos_cash,0.3299826840297261
b45cb7fb871d4322bfdbb52e6e8d1d38,42,4,history_selected,1000,source_group,pos_cash,0.3066279580702342
b45cb7fb871d4322bfdbb52e6e8d1d38,42,5,history_selected,1000,source_group,pos_cash,0.34799815237831866
b45cb7fb871d4322bfdbb52e6e8d1d38,42,1,history_selected,1000,source_group,previous_applications,0.19629953903607164
b45cb7fb871d4322bfdbb52e6e8d1d38,42,2,history_selected,1000,source_group,previous_applications,0.20131328550752883
b45cb7fb871d4322bfdbb52e6e8d1d38,42,3,history_selected,1000,source_group,previous_applications,0.21300709397505854
b45cb7fb871d4322bfdbb52e6e8d1d38,42,4,history_selected,1000,source_group,previous_applications,0.20306263861151147
b45cb7fb871d4322bfdbb52e6e8d1d38,42,5,history_selected,1000,source_group,previous_applications,0.2305808891826114
